Date,Open,High,Low,Close,Volume,Change,Close_Comparison
2019-01-02,199081,200410,188883,190215,1178817,-0.0359586437585525,
2019-01-03,189769,192874,184893,186669,1073421,-0.0186420629287911,0
2019-01-04,186666,195978,184450,195093,1276809,0.0451280073284798,1
2019-01-07,201298,201298,190657,191545,1208582,-0.0181861983771841,0
2019-01-08,191985,194204,188439,189328,729470,-0.0115743036884282,0
2019-01-09,191099,192874,186223,189772,953569,0.0023451364827178,1
2019-01-10,191099,196419,190214,191989,1009470,0.0116824399806083,1
2019-01-11,192429,193760,189770,191989,528152,0.0,
2019-01-14,191543,191543,186223,187112,801082,-0.0254024970180583,0
2019-01-15,187996,189769,182232,184008,1126223,-0.0165889948266279,0
2019-01-16,184892,185778,177798,179130,1526705,-0.0265097169688274,0
2019-01-17,178241,181345,173364,173367,1760682,-0.0321721654664209,0
2019-01-18,174695,179572,172476,178244,1421849,0.028131074541291,1
2019-01-21,178684,178684,172921,175584,988853,-0.0149233634792755,0
2019-01-22,176468,180460,176025,177357,657515,0.0100977310005467,1
2019-01-23,177356,178242,176025,177357,483602,0.0,
2019-01-24,177798,184450,177356,184451,1093828,0.0399984212633275,1
2019-01-25,184893,186665,182232,184894,712007,0.0024017218665119,1
2019-01-28,186666,190213,185779,187112,943475,0.0119960626088462,1
2019-01-29,187553,189327,183119,186669,560869,-0.0023675659498054,0
2019-01-30,188440,191099,187553,190659,686595,0.0213747328158397,1
2019-01-31,192875,195977,191544,194206,950879,0.0186038949118583,1
2019-02-01,195977,196419,189770,190215,723013,-0.0205503434497389,0
2019-02-07,191099,191985,186223,189772,490050,-0.0023289435638619,0
2019-02-08,189327,194204,188440,190659,432205,0.0046740298884977,1
2019-02-11,192874,193760,190657,191103,343590,0.002328764967822,1
2019-02-12,191099,191544,187110,188441,513710,-0.0139296609681689,0
2019-02-13,189327,190214,187110,187999,462468,-0.0023455617408101,0
2019-02-14,187995,188882,183119,186224,758194,-0.0094415395826573,0
2019-02-15,185336,188440,184893,185781,565239,-0.0023788555717845,0
2019-02-18,187553,189327,186666,187999,343102,0.0119387881430286,1
2019-02-19,188883,192430,187553,190659,486178,0.0141490114309119,1
2019-02-20,191544,191985,189326,189328,348422,-0.0069810499373226,0
2019-02-21,188882,189326,184006,184008,770536,-0.0280993830812135,0
2019-02-22,184006,185778,182675,183564,374067,-0.0024129385678883,0
2019-02-25,179129,184449,177356,180904,1025530,-0.0144908587740515,0
2019-02-26,182231,184449,180015,181347,685165,0.0024488126299031,1
2019-02-27,180901,181344,179129,179574,426533,-0.009776836672236,0
2019-02-28,180015,184449,180015,181347,785739,0.009873366968492,1
2019-03-04,183563,185779,182232,184008,500329,0.0146735264437789,1
2019-03-05,184006,187995,183119,186224,688084,0.0120429546541453,1
2019-03-06,187996,188439,184893,187112,492869,0.0047684508978433,1
2019-03-07,185778,187109,181789,183564,446415,-0.0189619051690965,0
2019-03-08,182675,185335,182232,182678,367451,-0.0048266544638382,0
2019-03-11,182232,183119,179572,181791,336742,-0.0048555381600411,0
2019-03-12,182675,185779,182232,185338,454516,0.0195114169568351,1
2019-03-13,185335,186222,183563,184008,312910,-0.0071760783001867,0
2019-03-14,185779,185779,179129,182678,789291,-0.0072279466110168,0
2019-03-15,181789,181789,178242,180017,597909,-0.0145666144801235,0
2019-03-18,179572,181345,178242,178244,412819,-0.0098490698100734,0
2019-03-19,178685,181789,178685,180017,315290,0.0099470388905096,1
2019-03-20,180459,180901,177356,178244,402946,-0.0098490698100734,0
2019-03-21,177798,179571,177798,177801,344191,-0.0024853571508718,0
2019-03-22,177797,178684,176468,176914,306381,-0.0049887233480127,0
2019-03-25,176025,177797,174695,175584,302975,-0.0075177769989938,0
2019-03-26,176025,176468,170261,170705,1062908,-0.027787269910698,0
2019-03-27,171147,172034,161393,162281,1750867,-0.049348290911221,0
2019-03-28,160062,164496,158289,160065,1117008,-0.013655326255076,0
2019-03-29,160062,163166,158732,160508,881262,0.0027676256520787,1
2019-04-01,160062,163166,159619,161395,480257,0.0055262043013433,1
2019-04-02,162723,168931,162723,168490,753994,0.0439604696551938,1
2019-04-03,168931,172920,166714,171593,567455,0.0184165232358004,1
2019-04-04,172035,172921,170261,170705,304682,-0.0051750362777036,0
2019-04-05,170705,172034,168044,170263,281181,-0.0025892621774405,0
2019-04-08,172035,173364,170261,173367,415518,0.0182306196883643,1
2019-04-09,176911,182674,176025,181347,1157315,0.0460295211891537,1
2019-04-10,182232,186222,180015,182235,798510,0.004896689771543,1
2019-04-11,183119,186666,182232,186669,733952,0.0243312206765988,1
2019-04-12,185336,187109,182232,185338,349519,-0.007130268014507,0
2019-04-15,185779,186223,179572,180460,558733,-0.0263194811641434,0
2019-04-16,179572,185335,178242,184451,438600,0.0221157043112047,1
2019-04-17,184893,187109,183563,184894,356282,0.0024017218665119,1
2019-04-18,184893,185336,179129,180460,473966,-0.0239813082090278,0
2019-04-19,181345,195089,180902,193319,1460741,0.0712567882079131,1
2019-04-22,193760,198636,193316,195536,996100,0.0114680915998943,1
2019-04-23,196864,199081,191986,196424,709250,0.0045413632272317,1
2019-04-24,197750,198193,193317,193319,508856,-0.0158076406141816,0
2019-04-25,191543,194203,186223,187555,599677,-0.0298160036002669,0
2019-04-26,186666,190214,185779,187999,412316,0.0023673055903601,1
2019-04-29,189327,191986,187996,191545,308535,0.018861802456396,1
2019-04-30,191543,191543,187553,187999,327911,-0.0185126210551045,0
2019-05-02,187995,187995,183562,183564,528225,-0.0235905510135692,0
2019-05-03,183562,184005,179572,181347,487683,-0.0120775315421324,0
2019-05-07,178242,184892,178242,182235,473308,0.004896689771543,1
2019-05-08,179572,183562,179572,182235,368137,0.0,
2019-05-09,185336,188882,184450,186224,1051960,0.0218893187367958,1
2019-05-10,185335,185335,176025,178687,787711,-0.04047276398316,0
2019-05-13,177355,180015,171591,172481,624700,-0.03473112201783,0
2019-05-14,170705,176910,170705,173367,563242,0.0051367976762657,1
2019-05-15,175138,176024,173364,173810,400592,0.0025552729181448,1
2019-05-16,175139,179129,172921,174253,476645,0.002548760140383,1
2019-05-17,177355,179128,172921,173367,302120,-0.0050845609544742,0
2019-05-20,173364,175139,165827,166715,614501,-0.0383694705451441,0
2019-05-21,162279,164939,160062,160508,1337314,-0.0372312029511441,0
2019-05-22,161837,164496,161837,163612,593683,0.019338599945174,1
2019-05-23,164051,164496,159619,160065,622752,-0.0216793389237953,0
2019-05-24,159176,161835,157846,160508,442578,0.0027676256520787,1
2019-05-27,160949,161392,152525,154301,843972,-0.0386709696712936,0
2019-05-28,154298,164939,154298,164942,1051542,0.068962612037511,1
2019-05-29,164939,165827,161393,164498,646695,-0.0026918553188393,0
2019-05-30,164496,165826,161393,164942,485290,0.0026991209619569,1
2019-05-31,164052,171590,163610,168490,753372,0.0215105916018965,1
2019-06-03,168044,171148,166271,171149,568021,0.0157813520090213,1
2019-06-04,172035,174694,169373,173367,466098,0.0129594680658373,1
2019-06-05,176024,176024,172921,173810,333889,0.0025552729181448,1
2019-06-07,174251,174695,172477,174253,286270,0.002548760140383,1
2019-06-10,175581,176468,173807,176026,335440,0.0101748606910641,1
2019-06-11,176025,180014,175581,179130,426772,0.0176337586492905,1
2019-06-12,180015,181345,178242,180904,354594,0.0099034220956846,1
2019-06-13,181345,183562,180902,183564,575519,0.0147039313669128,1
2019-06-14,183119,183119,177356,178244,473494,-0.028981717548103,0
2019-06-17,178242,182232,176911,181791,368264,0.0198996880680415,1
2019-06-18,181789,186223,181345,184451,490241,0.0146321875120329,1
2019-06-19,186666,187996,185336,187555,430265,0.0168283175477497,1
2019-06-20,188440,189770,187553,189772,350320,0.0118205326437579,1
2019-06-21,190214,190657,186223,188441,948556,-0.0070136795733828,0
2019-06-24,188440,189769,184006,184894,393133,-0.0188228676349626,0
2019-06-25,184450,185335,180902,184451,432388,-0.0023959674191699,0
2019-06-26,184450,187553,182232,186669,345781,0.0120248738147259,1
2019-06-27,184005,185335,180015,180904,687442,-0.0308835425271469,0
2019-06-28,180015,182675,178685,182235,320122,0.0073574934772033,1
2019-07-01,182675,185335,181345,184451,430476,0.01216012291821,1
2019-07-02,183562,185335,181345,181791,248365,-0.0144211741871824,0
2019-07-03,182232,184450,181345,182678,214529,0.0048792294448019,1
2019-07-04,182232,183119,179572,180460,335629,-0.0121415824565629,0
2019-07-05,180460,184450,180460,184451,295939,0.0221157043112047,1
2019-07-08,184006,185779,182232,182678,395271,-0.0096123089601032,0
2019-07-09,181789,182674,163167,170705,1662064,-0.0655415539911757,0
2019-07-10,171590,172921,166271,167602,728525,-0.0181775577751091,0
2019-07-11,168044,171148,166714,169819,847755,0.0132277657784514,1
2019-07-12,168930,169372,166271,167159,396471,-0.0156637360954898,0
2019-07-15,167600,168930,160506,162725,710198,-0.0265256432498399,0
2019-07-16,161837,169372,161837,167159,605657,0.0272484252573359,1
2019-07-17,167600,168043,161837,163612,530640,-0.0212193181342315,0
2019-07-18,161835,163609,159176,160065,646130,-0.0216793389237953,0
2019-07-19,160062,164052,160062,163612,511737,0.0221597476025363,1
2019-07-22,164496,166270,163167,163612,305344,0.0,
2019-07-23,163609,164051,160506,161395,401080,-0.0135503508300124,0
2019-07-24,161836,162279,157846,159621,525853,-0.0109916664085009,0
2019-07-25,158732,160061,156517,157847,580938,-0.0111138258750415,0
2019-07-26,156959,164939,156959,164056,657375,0.0393355591173731,1
2019-07-29,162722,163609,158732,158735,489273,-0.0324340469108109,0
2019-07-30,159175,162722,156959,156961,569963,-0.0111758591362963,0
2019-07-31,156072,156517,146761,151196,1522230,-0.0367288689547085,0
2019-08-01,150308,155628,150308,151196,782189,0.0,
2019-08-02,149421,151195,144101,144989,1406244,-0.0410526733511468,0
2019-08-05,141883,143657,129025,129028,3497991,-0.1100842132851457,0
2019-08-06,122374,137449,121931,129914,3864139,0.0068667266019779,1
2019-08-07,133459,135676,129470,131688,1398128,0.0136551872777375,1
2019-08-08,133459,136563,133016,136565,1215587,0.0370345058015917,1
2019-08-09,137894,140996,137006,137895,893974,0.009738952147329,1
2019-08-12,137449,139222,134345,137451,615517,-0.0032198411835091,0
2019-08-13,135676,137893,134790,135678,440310,-0.0128991422397799,0
2019-08-14,141439,141439,136119,136122,684699,0.0032724538982,1
2019-08-16,135233,137006,133016,136565,467726,0.0032544335228692,1
2019-08-19,137006,138779,134790,135678,373825,-0.0064950756050232,0
2019-08-20,136118,137449,134789,137451,373049,0.0130677044178126,1
2019-08-21,137449,142326,137006,138782,669027,0.0096834508297503,1
2019-08-22,139223,140108,134790,135234,561506,-0.0255652750356674,0
2019-08-23,132571,135675,132127,134347,487051,-0.0065590014345504,0
2019-08-26,130799,132573,124591,125479,1320083,-0.0660081728657878,0
2019-08-27,129025,131242,127252,128583,834061,0.024737207022689,1
2019-08-28,128583,138780,127694,138338,1251210,0.075865394336732,1
2019-08-29,138780,143212,137006,139225,1148834,0.0064118318900086,1
2019-08-30,142326,142770,138780,139225,566848,0.0,
2019-09-02,138337,140996,135233,138782,428600,-0.0031818998024779,0
2019-09-03,138780,144543,138780,142329,905714,0.0255580694902797,1
2019-09-04,141883,148977,141883,148537,913408,0.0436172529842828,1
2019-09-05,149863,150750,144544,145433,729477,-0.0208971502049993,0
2019-09-06,146317,147205,143658,146763,400301,0.0091451046186217,1
2019-09-09,148534,148534,146317,147206,360640,0.0030184719581911,1
2019-09-10,147647,148977,145874,146320,366487,-0.0060187764085702,0
2019-09-11,147647,151637,147205,149868,1122220,0.0242482230727172,1
2019-09-16,150308,151638,147647,151196,644741,0.0088611311287265,1
2019-09-17,151195,154741,149864,151641,824385,0.0029431995555437,1
2019-09-18,152968,155627,152525,153857,622051,0.0146134620584141,1
2019-09-19,154741,155184,148092,149423,864760,-0.0288189682627374,0
2019-09-20,149864,156072,149864,155631,671544,0.0415464821346112,1
2019-09-23,156516,156516,149864,151641,997720,-0.0256375657805963,0
2019-09-24,149421,151194,147205,149423,930836,-0.0146266511035934,0
2019-09-25,149420,151637,146761,147650,663352,-0.0118656431740762,0
2019-09-26,148534,150751,146761,148092,454996,0.0029935658652218,1
2019-09-27,149421,149864,146317,147206,299369,-0.0059827674688707,0
2019-09-30,147647,148091,142327,145433,580623,-0.0120443460185046,0
2019-10-01,149864,154741,147647,153857,1390174,0.057923579930277,1
2019-10-02,152525,156516,151638,152971,693143,-0.0057585940191215,0
2019-10-04,152968,154742,151638,153413,485530,0.0028894365598708,1
2019-10-07,154298,159175,153413,158291,793201,0.0317965231108186,1
2019-10-08,159176,161393,155628,160065,703598,0.0112072069795503,1
2019-10-10,158732,161392,157402,160508,685014,0.0027676256520787,1
2019-10-11,161393,164051,159619,160951,572955,0.0027599870411443,1
2019-10-14,163166,163166,160062,161838,368585,0.0055109940292386,1
2019-10-15,161393,163167,160062,162725,284032,0.0054807894314066,1
2019-10-16,165384,166714,163610,165829,503637,0.0190751267475803,1
2019-10-17,167156,168487,165384,166715,436184,0.0053428531800832,1
2019-10-18,166713,167155,160506,160951,490707,-0.0345739735476712,0
2019-10-21,160506,163609,158289,161395,429638,0.0027586035501487,1
2019-10-22,162723,171148,161836,169819,1213364,0.0521949254933549,1
2019-10-23,171148,179572,171148,174253,1775563,0.0261101525742113,1
2019-10-24,171590,174695,167601,174697,1018003,0.0025480192593527,1
2019-10-25,176024,178684,172921,174697,573654,0.0,
2019-10-28,175581,178242,174695,178244,445782,0.0203037258796658,1
2019-10-29,179129,183118,179129,182235,693793,0.0223906555059356,1
2019-10-30,183563,183563,179129,180904,475624,-0.0073037561390512,0
2019-10-31,183118,183118,177356,177357,591697,-0.0196070844204661,0
2019-11-01,177356,177356,173807,176469,585922,-0.005006850589489,0
2019-11-04,177797,178241,175139,176026,548869,-0.0025103559265367,0
2019-11-05,175580,176467,173806,175139,499003,-0.005039028325361,0
2019-11-06,176468,176468,174251,174253,393739,-0.005058838979325,0
2019-11-07,177355,178241,168044,169376,1154142,-0.027988040378071,0
2019-11-08,171591,171591,164940,166715,910711,-0.0157106083506518,0
2019-11-11,166270,167155,161393,164942,721914,-0.0106349158743964,0
2019-11-12,164496,166271,163166,164498,463768,-0.0026918553188393,0
2019-11-13,163166,164495,160506,160508,584725,-0.0242556140500188,0
2019-11-14,161836,165827,161393,165386,660806,0.0303910085478604,1
2019-11-15,165826,166270,163166,164942,428038,-0.0026846286868296,0
2019-11-18,165827,166713,164496,165386,316656,0.0026918553188393,1
2019-11-19,164939,165383,161393,162725,446439,-0.0160896327379584,0
2019-11-20,162723,164496,161393,163612,464006,0.0054509141189122,1
2019-11-21,164939,164939,154298,156961,976376,-0.0406510524900374,0
2019-11-22,155628,157401,152082,155187,698123,-0.0113021706028886,0
2019-11-25,156072,160950,156072,160508,568779,0.0342876658482991,1
2019-11-26,163609,164496,159619,159621,790707,-0.0055262043013432,0
2019-11-27,162280,164939,158732,163169,665189,0.022227651750083,1
2019-11-28,162279,164496,157846,158291,526490,-0.0298953845399555,0
2019-11-29,158288,158731,152525,154301,666104,-0.0252067394861362,0
2019-12-02,155185,157402,154298,155631,390615,0.0086195163997639,1
2019-12-03,153413,155628,152525,154744,321654,-0.0056993786584934,0
2019-12-04,153412,155184,150751,151641,482067,-0.0200524737631184,0
2019-12-05,152967,153412,146761,149423,656296,-0.0146266511035934,0
2019-12-06,149864,152081,149421,150754,380529,0.0089075978932293,1
2019-12-09,150751,151638,148534,148979,390444,-0.0117741486129721,0
2019-12-10,148977,149863,146317,147650,629743,-0.008920720369985,0
2019-12-11,147647,148092,145430,145876,546619,-0.0120149001015915,0
2019-12-12,146761,152082,146316,151641,1084381,0.0395198661877211,1
2019-12-13,153854,154297,150751,152526,689495,0.0058361524917402,1
2019-12-16,152524,153412,149864,150754,393930,-0.0116176914099891,0
2019-12-17,151195,159176,150308,158735,1078663,0.0529405521578201,1
2019-12-18,161392,161392,156959,157404,640723,-0.0083850442561501,0
2019-12-19,159176,162279,158289,160065,776782,0.0169055424258595,1
2019-12-20,160950,162280,159619,161395,623665,0.0083091244182051,1
2019-12-23,162280,167600,162280,165386,983365,0.0247281514297221,1
2019-12-24,166713,167600,163166,164056,772164,-0.008041793138476,0
2019-12-26,165827,168487,164052,168046,2411902,0.024320963573414,1
2019-12-27,169901,173614,167116,170831,1514719,0.0165728431500897,1
2019-12-30,169900,171757,167580,168046,568602,-0.0163026616948914,0
2020-01-02,168044,169900,163402,167118,669762,-0.0055222974661699,0
2020-01-03,168507,169436,164331,164796,536436,-0.0138943740351129,0
2020-01-06,161545,162937,160153,160619,619426,-0.0253464889924512,0
2020-01-07,162009,166187,161545,165261,492629,0.0289006904538069,1
2020-01-08,162473,163401,158296,160619,959815,-0.0280889017977623,0
2020-01-09,165258,166650,162473,164332,559613,0.0231168168149471,1
2020-01-10,165722,165722,162473,164796,464363,0.0028235523209112,1
2020-01-13,166187,168043,165723,166654,488062,0.0112745454986771,1
2020-01-14,166651,168507,164331,165261,545263,-0.0083586352562794,0
2020-01-15,165258,165722,163402,163868,316175,-0.0084290909530984,0
2020-01-16,163402,173149,161545,167582,1370843,0.0226645836893109,1
2020-01-17,167579,168043,161545,162476,881146,-0.0304686660858565,0
2020-01-20,161545,162473,159689,160154,612337,-0.0142913414904355,0
2020-01-21,161545,162937,160153,160154,444861,0.0,
2020-01-22,160153,163866,160153,163868,409855,0.023190179452277,1
2020-01-23,164794,164794,161545,162939,376213,-0.0056691971586887,0
2020-01-28,158296,161080,157831,158297,730203,-0.0284891892057763,0
2020-01-29,160153,160616,157831,158762,527877,0.0029375161879252,1
2020-01-30,159688,160616,153654,155048,680777,-0.0233935072624431,0
2020-01-31,155974,159224,153189,153190,633278,-0.0119833857902068,0
2020-02-03,150404,155509,148546,154583,735250,0.009093282851361,1
2020-02-04,155510,157366,153189,155512,769236,0.0060097164630004,1
2020-02-05,156903,157367,151797,152727,705403,-0.0179085858326045,0
2020-02-06,154118,161545,153654,160154,895563,0.0486292535046193,1
2020-02-07,161080,161544,157831,159226,463936,-0.0057944228679895,0
2020-02-10,158760,162937,157367,160619,534389,0.008748571213244,1
2020-02-11,161545,163865,160153,161083,466815,0.0028888238626811,1
2020-02-12,161545,162473,159689,161547,351428,0.0028805025980396,1
2020-02-13,162938,168043,162938,165725,1308759,0.0258624425089912,1
2020-02-14,165258,168973,164795,168046,695309,0.0140051289787297,1
2020-02-17,169437,174079,169437,172689,859803,0.0276293395855895,1
2020-02-18,173614,173614,169437,171296,592833,-0.0080665242140495,0
2020-02-19,172685,173614,167116,168510,795819,-0.0162642443489632,0
2020-02-20,168972,169436,163866,166189,811278,-0.0137736632840781,0
2020-02-21,163866,168043,163402,164332,483376,-0.0111740247549476,0
2020-02-24,160152,162008,156903,156905,827926,-0.045195092860794,0
2020-02-25,156903,160616,156439,160154,612785,0.0207067971065293,1
2020-02-26,157831,164330,156903,160619,827136,0.0029034554241542,1
2020-02-27,161080,162473,156903,158297,709645,-0.0144565711404005,0
2020-02-28,155974,159224,155047,157833,882204,-0.0029311989488114,0
2020-03-02,158296,162473,156439,162476,708878,0.0294171687796596,1
2020-03-03,165722,166186,159689,160154,706335,-0.0142913414904355,0
2020-03-04,159224,162473,158760,162012,459948,0.0116013337162981,1
2020-03-05,164331,168973,162009,168974,978522,0.0429721255215662,1
2020-03-06,168507,169900,164331,164796,761327,-0.0247256974445773,0
2020-03-09,162473,167579,161081,161547,1068536,-0.0197152843515618,0
2020-03-10,159689,168044,156903,168046,1296804,0.0402297783307643,1
2020-03-11,167115,168972,160616,162476,879856,-0.0331456863001796,0
2020-03-12,161081,165258,156439,160154,1303380,-0.0142913414904355,0
2020-03-13,153189,161544,145297,158297,2400298,-0.0115950897261385,0
2020-03-16,163402,165259,153654,153654,1135561,-0.0293309412054555,0
2020-03-17,146690,158759,146690,155977,1508134,0.0151183828601924,1
2020-03-18,155974,158760,145762,145763,1308415,-0.0654840136686819,0
2020-03-19,151797,152725,128586,129980,3113042,-0.1082785068913235,0
2020-03-20,135086,142048,130907,141585,2174832,0.0892829666102477,1
2020-03-23,135085,171292,134620,162476,7201324,0.1475509411307696,1
2020-03-24,165723,176863,164331,170831,4204640,0.0514229793938796,1
2020-03-25,177327,177792,164795,169903,2514520,-0.0054322693188004,0
2020-03-26,168973,177327,165723,168510,2629247,-0.0081987957834764,0
2020-03-27,175007,176399,165723,170831,2076140,0.0137736632840781,1
2020-03-30,168973,173149,168508,171760,1010049,0.0054381230572906,1
2020-03-31,174079,215858,172222,212611,11990136,0.2378376804843969,1
2020-04-01,217250,219107,183827,183829,5609682,-0.1353739928790137,0
2020-04-02,172686,184291,168973,181044,9332573,-0.0151499491375136,0
2020-04-03,177792,201466,177792,181973,4471929,0.0051313492852567,1
2020-04-06,188005,197288,186148,194042,2993216,0.0663230259434091,1
2020-04-07,193576,199145,188469,194970,2376925,0.0047824697745848,1
2020-04-08,194968,196824,192183,192185,1174137,-0.0142842488587987,0
2020-04-09,196361,201002,193576,195434,1452829,0.0169055857637172,1
2020-04-10,198681,199610,188469,194506,1876251,-0.0047484061115261,0
2020-04-13,194969,209359,193111,200076,3915767,0.0286366487409128,1
2020-04-14,204252,204716,196825,200541,1372194,0.0023241168356025,1
2020-04-16,199146,201930,198218,199612,834977,-0.0046324691708927,0
2020-04-17,200074,201002,190790,195899,1924208,-0.0186010861070476,0
2020-04-20,195432,200538,193111,196827,983772,0.0047371349521947,1
2020-04-21,197753,202395,192183,196827,1929612,0.0,
2020-04-22,193111,201930,193111,198684,1210526,0.0094346812175158,1
2020-04-23,200075,201002,197289,198684,683900,0.0,
2020-04-24,198217,201466,195433,196363,1159653,-0.0116818666827726,0
2020-04-27,198218,199610,196361,197292,523776,0.0047310338505726,1
2020-04-28,197288,198681,193111,194042,782717,-0.0164730450297021,0
2020-04-29,194040,195896,192183,195434,704933,0.0071737046618773,1
2020-05-04,193111,195895,188934,188935,926690,-0.0332541932314746,0
2020-05-06,189862,193110,186148,192185,650547,0.0172016831185328,1
2020-05-07,191254,192183,188934,189399,433752,-0.0144964487342924,0
2020-05-08,191254,198681,190327,195434,964779,0.0318639485952936,1
2020-05-11,199610,200074,194969,195434,748628,0.0,
2020-05-12,196825,201930,195433,195899,1058692,0.0023793198726935,1
2020-05-13,195896,199611,194969,199612,822226,0.0189536444800637,1
2020-05-14,199611,201467,196825,201469,1033286,0.0093030479129512,1
2020-05-15,203324,205645,199611,201934,891333,0.0023080473919063,1
2020-05-18,204252,206109,196825,197756,1065223,-0.0206899283924451,0
2020-05-19,197753,199145,194040,197756,763713,0.0,
2020-05-20,199145,203322,198217,202861,713010,0.0258146402637593,1
2020-05-21,202859,204251,200074,202861,571006,0.0,
2020-05-22,204252,205180,197754,200541,686545,-0.0114364022655907,0
2020-05-25,200537,200537,198218,199612,399636,-0.0046324691708927,0
2020-05-26,200075,201003,197754,199148,519820,-0.0023245095485241,0
2020-05-27,196825,198682,195896,197756,637327,-0.006989776447667,0
2020-05-28,197289,198217,191254,195899,771690,-0.0093903598373753,0
2020-05-29,196825,198682,194504,198219,711248,0.0118428373804868,1
2020-06-01,198682,215858,197753,211218,3673146,0.0655789808242399,1
2020-06-02,213538,215858,206110,208432,1201826,-0.0131901637171074,0
2020-06-03,214931,218180,208431,211218,1953309,0.0133664696399784,1
2020-06-04,211216,230250,210752,229322,3271534,0.0857123919362932,1
2020-06-05,226535,241854,225607,238141,3122967,0.038456842343953,1
2020-06-08,241854,244176,234892,237678,1364692,-0.0019442263197013,0
2020-06-09,238605,245568,236748,244641,1449390,0.0292959382021054,1
2020-06-10,244640,250674,242783,249283,1149988,0.0189747425819875,1
2020-06-11,259959,278062,254853,267388,4238030,0.072628297958545,1
2020-06-12,259959,281776,259030,276208,4163785,0.0329857734827292,1
2020-06-15,276670,279456,249282,254389,3384069,-0.0789948155013613,0
2020-06-16,262744,275741,262280,272495,2198344,0.0711744611598772,1
2020-06-17,272957,276669,260423,268780,1774038,-0.0136332776748197,0
2020-06-18,269707,273421,265530,266924,844633,-0.0069052756901555,0
2020-06-19,268314,271564,260887,270637,1171643,0.0139103265348938,1
2020-06-22,270635,278526,268779,275744,1256242,0.0188702948968544,1
2020-06-23,283633,305451,280848,295705,4831088,0.072389607752118,1
2020-06-24,300344,307307,292918,296169,2107019,0.0015691313978458,1
2020-06-25,292918,299881,291989,293383,989164,-0.0094067913927521,0
2020-06-26,297094,298023,285490,290134,999377,-0.0110742612898497,0
2020-06-29,293845,302665,288740,288741,1425243,-0.004801229776586,0
2020-06-30,289667,291988,277599,284099,1634090,-0.0160766915678757,0
2020-07-01,285953,286882,274814,276208,1090068,-0.0277755289529354,0
2020-07-02,276670,289204,276670,286421,1221946,0.03697575740022,1
2020-07-03,289204,289667,278991,287349,819615,0.003239985894889,1
2020-07-06,286418,290596,282705,283635,818363,-0.0129250493302569,0
2020-07-07,283634,293382,281312,286421,1081243,0.0098224831209123,1
2020-07-08,290133,293381,286418,289206,764502,0.0097234490487778,1
2020-07-09,299417,304523,294775,300811,1763763,0.0401271066298762,1
2020-07-10,304987,307772,293846,301275,1122808,0.0015424967836947,1
2020-07-13,303130,305915,298024,305453,834985,0.013867728819185,1
2020-07-14,303595,307771,298952,300811,907793,-0.0151971006996166,0
2020-07-15,301736,303129,291525,293383,1047733,-0.0246932459251822,0
2020-07-16,291060,298488,288276,292456,791027,-0.0031596922793754,0
2020-07-17,295239,306379,292453,304525,1336763,0.0412677462592663,1
2020-07-20,312414,315200,299417,299883,1498445,-0.0152434118709465,0
2020-07-21,303129,307308,295239,298490,1311786,-0.0046451449398599,0
2020-07-22,299417,299881,292453,298490,806401,0.0,
2020-07-23,298488,302665,294310,298954,761917,0.0015544909377198,1
2020-07-24,294775,304522,294310,296169,850155,-0.0093158144731296,0
2020-07-27,297095,298024,293846,294312,546478,-0.0062700687782988,0
2020-07-28,300345,300809,293382,294776,717407,0.0015765582103346,1
2020-07-29,291988,294309,276670,279922,2050136,-0.050390805221592,0
2020-07-30,278063,288739,266457,278529,2933806,-0.0049763862790348,0
2020-07-31,278527,284097,274814,275279,887248,-0.0116684438604238,0
2020-08-03,272957,279920,263208,277601,1638841,0.0084350785929911,1
2020-08-04,278063,285025,275741,280386,960210,0.0100323846095655,1
2020-08-05,282241,292453,281776,292456,1145172,0.0430477983922163,1
2020-08-06,296630,297094,287347,288741,896873,-0.0127027655442185,0
2020-08-07,288740,294310,285491,291991,1038096,0.0112557620843594,1
2020-08-10,298023,300809,291060,292456,1315387,0.0015925148377859,1
2020-08-11,292918,295702,290133,291527,746856,-0.0031765462154991,0
2020-08-12,290132,291059,279456,280386,1208102,-0.0382160142971319,0
2020-08-13,280848,297094,279920,286421,1890100,0.0215238991961081,1
2020-08-14,285954,289667,278527,282707,1117957,-0.0129669263077777,0
2020-08-18,285026,293381,279920,282243,1253486,-0.0016412752425656,0
2020-08-19,291524,291988,281312,282243,948141,0.0,
2020-08-20,281312,294309,279456,283171,1840070,0.0032879469109952,1
2020-08-21,285954,286417,274814,279457,1117542,-0.0131157498472653,0
2020-08-24,282705,288740,279920,287814,876955,0.0299044217893986,1
2020-08-25,288276,288739,282705,284564,646306,-0.011292014981898,0
2020-08-26,289668,296630,286883,288277,1359411,0.0130480313743128,1
2020-08-27,288275,288740,282241,282707,778586,-0.0193216940650832,0
2020-08-28,284098,285954,281776,282707,600955,0.0,
2020-08-31,283168,283633,275278,275744,1163117,-0.024629740331863,0
2020-09-01,275741,280384,273885,276672,720143,0.0033654404084948,1
2020-09-02,278063,282241,276670,278993,589874,0.0083889949109414,1
2020-09-03,278991,279920,276206,278064,535757,-0.0033298326481309,0
2020-09-04,271098,275740,271098,272958,659450,-0.01836267909546,0
2020-09-07,273885,284098,270172,283171,1094942,0.0374160127199056,1
2020-09-08,281312,298952,275741,295241,2906129,0.042624421286078,1
2020-09-09,291988,298952,276670,277137,2673835,-0.0613193966962583,0
2020-09-10,278063,280847,272957,277137,1343096,0.0,
2020-09-11,277134,285490,275278,277137,1101604,0.0,
2020-09-14,277598,279455,273421,274815,547265,-0.0083785275874387,0
2020-09-15,275278,277598,272957,274815,444933,0.0,
2020-09-16,275741,281311,274814,275744,472698,0.003380455943089,1
2020-09-17,278062,278062,270172,270637,738801,-0.0185208019032145,0
2020-09-18,277598,279455,270636,270637,812885,0.0,
2020-09-21,270635,272027,257173,258568,1157095,-0.0445947893303576,0
2020-09-22,256709,262280,245104,248818,1441105,-0.0377076823118096,0
2020-09-23,249746,253460,238141,246962,1402811,-0.0074592674163445,0
2020-09-24,240926,245569,231177,232107,1423399,-0.0601509543978425,0
2020-09-25,234427,245568,233963,239999,1347804,0.0340015596255176,1
2020-09-28,250211,250211,236284,236749,1117817,-0.0135417230905128,0
2020-09-29,238141,239998,233034,239070,739785,0.0098036316943259,1
2020-10-05,240462,241854,233034,236285,688311,-0.0116493077341364,0
2020-10-06,237212,240462,236284,239534,599633,0.0137503438644011,1
2020-10-07,240462,242783,238141,241856,530529,0.0096938221713827,1
2020-10-08,244176,252067,243247,243248,942440,0.0057554908706007,1
2020-10-12,247425,254853,244640,253925,834554,0.0438934749720449,1
2020-10-13,256245,256245,249282,251140,583171,-0.0109678054543664,0
2020-10-14,249746,250211,242783,243248,630426,-0.0314247033527116,0
2020-10-15,242319,244176,235819,236749,675412,-0.0267175886338222,0
2020-10-16,236284,243711,235819,238141,585009,0.005879644686989,1
2020-10-19,238141,242783,236284,237214,557686,-0.0038926518323177,0
2020-10-20,233962,234891,223285,227929,1309059,-0.0391418718962623,0
2020-10-21,226535,228857,223286,226537,673813,-0.006107164950489,0
2020-10-22,224215,227928,219108,220502,895764,-0.0266402397842294,0
2020-10-23,221429,224679,216787,220966,779062,0.0021042893034983,1
2020-10-26,225607,231177,219573,220966,1018311,0.0,
2020-10-27,220500,227464,217251,221895,741016,0.0042042667197668,1
2020-10-28,223750,225607,221893,225144,459407,0.0146420604339889,1
2020-10-29,222358,237677,221893,234892,1062169,0.0432967345343424,1
2020-10-30,234892,235356,223750,223751,888722,-0.0474303083970505,0
2020-11-02,225143,231177,222822,227001,523818,0.0145250747482692,1
2020-11-03,229320,240926,228857,240463,1094724,0.059303703507914,1
2020-11-04,244176,251603,241390,251140,1428972,0.0444018414475408,1
2020-11-05,253460,254388,247425,252533,1040203,0.0055467070160069,1
2020-11-06,254852,263671,251137,257639,1281452,0.0202191396767947,1
2020-11-09,262280,267386,261351,264603,954640,0.0270300692053608,1
2020-11-10,263206,265063,256244,256710,1126657,-0.0298295937687781,0
2020-11-11,257173,279456,255780,275279,2978793,0.0723345409216624,1
2020-11-12,273884,275277,268315,271102,1103928,-0.0151736965042738,0
2020-11-13,268779,273420,263208,269245,896640,-0.0068498203628154,0
2020-11-16,270172,273420,267386,267853,636172,-0.0051700124421995,0
2020-11-17,265993,272027,262280,265531,988023,-0.0086689340795137,0
2020-11-18,266922,272027,264601,270173,682739,0.0174819512599282,1
2020-11-19,277597,279454,271563,272958,1086156,0.010308209924752,1
2020-11-20,272492,276206,272028,275279,575619,0.0085031396771664,1
2020-11-23,278527,282241,277134,279457,1056130,0.0151773291823931,1
2020-11-24,283169,283169,276670,279922,911246,0.0016639411430023,1
2020-11-25,282241,349087,281776,306382,11552862,0.0945263323354363,1
2020-11-26,311021,313807,299881,305917,2992955,-0.0015177131815837,0
2020-11-27,305915,311951,305452,310095,1429706,0.0136572992020711,1
2020-11-30,313344,330056,312880,315666,3298062,0.0179654621970686,1
2020-12-01,321235,326341,313808,319379,1338789,0.0117624324444189,1
2020-12-02,320771,323092,316593,322165,1237093,0.0087231784181176,1
2020-12-03,320307,333769,318450,325878,1835747,0.0115251501559758,1
2020-12-04,330520,357908,330056,352803,5099589,0.0826229447830169,1
2020-12-07,368121,374620,352802,374621,3732474,0.0618418777618103,1
2020-12-08,367656,373691,322164,324950,4955662,-0.1325900042976768,0
2020-12-09,326806,338411,303594,328199,3876848,0.0099984613017387,1
2020-12-10,319843,342125,319379,334234,2215236,0.018388233967806,1
2020-12-11,346767,346767,334698,335163,1202324,0.0027794898185102,1
2020-12-14,340268,343982,324949,331913,1805388,-0.0096967744052893,0
2020-12-15,334233,336090,317057,334234,2621774,0.0069927963050557,1
2020-12-16,337947,338875,327270,328199,1363491,-0.0180562121148656,0
2020-12-17,323557,330983,321699,326343,980805,-0.0056551055914246,0
2020-12-18,327734,331912,325877,330521,992940,0.0128024808253892,1
2020-12-21,335162,345838,330983,340733,2160375,0.0308966752490764,1
2020-12-22,341660,344446,333305,333305,1463199,-0.0218000604578951,0
2020-12-23,337947,339804,328663,329592,1535192,-0.0111399468954861,0
2020-12-24,330056,332376,318914,322629,2236312,-0.0211261195660088,0
2020-12-28,324485,334233,300809,309631,7858039,-0.0402877608646463,0
2020-12-29,340830,345084,328067,340830,6055397,0.1007618746184975,1
2020-12-30,342721,345084,331848,339413,2229486,-0.0041574978728398,0
2021-01-04,332320,335157,324285,328540,2122278,-0.032034718764455,0
2021-01-05,332320,336575,326176,335158,1328247,0.0201436659158702,1
2021-01-06,337520,339884,334211,334213,1033942,-0.0028195656973726,0
2021-01-07,335629,339884,331848,337995,1011751,0.0113161367152085,1
2021-01-08,339884,349812,336575,346976,1819183,0.0265713989851921,1
2021-01-11,356429,365411,346975,353594,2776258,0.0190733653048049,1
2021-01-12,359738,365883,349812,363048,2618009,0.0267368790194404,1
2021-01-13,359265,368720,354538,360685,2203856,-0.0065087812079945,0
2021-01-14,346030,353593,331848,333267,3623245,-0.0760164686637925,0
2021-01-15,329957,330429,307739,311049,3594398,-0.0666672667860904,0
2021-01-18,309630,327121,296867,296867,2751296,-0.0455941025368993,0
2021-01-19,291194,299703,280322,295450,3490677,-0.0047731812562528,0
2021-01-20,298285,306322,291194,294032,1475955,-0.0047994584532069,0
2021-01-21,296867,300176,289776,294977,1146479,0.0032139358981335,1
2021-01-22,295448,298285,291194,293086,883444,-0.0064106693064205,0
2021-01-25,294503,304431,294030,303486,995440,0.0354844653105232,1
2021-01-26,309630,316721,303958,304904,1328530,0.0046723736844533,1
2021-01-27,308212,314830,300649,311049,1072477,0.0201538845013511,1
2021-01-28,302067,319557,298758,316250,1574846,0.0167208381959111,1
2021-01-29,316248,320503,304903,306322,1139059,-0.0313928853754941,0
2021-02-01,315775,362101,314830,350758,6365937,0.1450630382408053,1
2021-02-02,349812,349812,333266,336104,2455570,-0.0417780920178584,0
2021-02-03,337993,339884,319557,328540,2033410,-0.0225049389474686,0
2021-02-04,326176,330429,319085,322867,1163036,-0.0172673038290619,0
2021-02-05,328539,335629,316721,322867,2112690,0.0,
2021-02-08,330902,332320,317666,317668,829835,-0.0161026057169051,0
2021-02-09,317666,319085,310102,310104,1041612,-0.0238110228288653,0
2021-02-10,308684,313884,306794,313886,777274,0.0121959084694167,1
2021-02-15,321448,324757,314830,314831,1256782,0.0030106471776376,1
2021-02-16,316721,317194,306794,307267,875291,-0.0240255883315175,0
2021-02-17,306794,311048,298285,303958,1006120,-0.0107691356377352,0
2021-02-18,302540,308684,297339,297340,709813,-0.0217727449187058,0
2021-02-19,293558,301121,289303,301122,904959,0.0127194457523374,1
2021-02-22,304431,304903,291667,292614,766946,-0.0282543288102496,0
2021-02-23,294030,295448,279849,279850,1334747,-0.043620605986043,0
2021-02-24,276540,284576,266612,266614,1581132,-0.0472967661247096,0
2021-02-25,274649,292139,270867,291195,1457672,0.0921969588993827,1
2021-02-26,283631,287412,276067,281268,1123740,-0.0340905578735898,0
2021-03-02,285994,290248,272758,275595,961647,-0.0201693758266137,0
2021-03-03,276540,289303,274176,286468,928755,0.0394528202616157,1
2021-03-04,286466,293085,281267,289777,816997,0.0115510283871147,1
2021-03-05,288357,290248,283631,285050,496885,-0.016312543783668,0
2021-03-08,287412,287412,274649,275122,630269,-0.0348289773723907,0
2021-03-09,272285,276067,265194,271814,902535,-0.0120237567333764,0
2021-03-10,275594,280322,268503,269923,523462,-0.0069569632174942,0
2021-03-11,269921,280322,268976,277013,698767,0.0262667501472642,1
2021-03-12,279849,284576,277013,280795,441003,0.0136527888582846,1
2021-03-15,280322,280795,273231,273232,501895,-0.0269342402820562,0
2021-03-16,274649,281740,273231,280322,434506,0.0259486443754757,1
2021-03-17,280322,281740,275122,277486,381346,-0.0101169369510777,0
2021-03-18,279376,283158,276067,276068,424963,-0.0051101677201732,0
2021-03-19,272285,274649,268503,271341,485498,-0.0171225929843371,0
2021-03-22,274176,278431,270394,273232,492613,0.0069690905539523,1
2021-03-23,277958,287412,275122,276540,759617,0.0121069274462728,1
2021-03-24,277958,285522,276067,283631,599982,0.0256418601287335,1
2021-03-25,285049,290721,282685,290723,619307,0.0250043189919295,1
2021-03-26,294503,299230,287412,296867,862437,0.0211335188478378,1
2021-03-29,314357,316248,304431,312468,1889734,0.0525521529843331,1
2021-03-30,310575,311048,305376,305849,650446,-0.0211829691360395,0
2021-03-31,308684,311993,304903,306795,560141,0.0030930295668778,1
2021-04-01,305849,309630,300649,306795,559416,0.0,
2021-04-02,306794,308212,300649,303013,529332,-0.0123274499258462,0
2021-04-05,300649,301594,290248,291195,758222,-0.0390016269929013,0
2021-04-06,292139,295921,285522,286941,671634,-0.0146087673208674,0
2021-04-07,287412,294976,286466,289304,484448,0.0082351424160367,1
2021-04-08,289776,294503,286466,294504,514623,0.0179741724967508,1
2021-04-09,295448,297339,292139,292614,367125,-0.0064175698802053,0
2021-04-12,292612,294030,289303,293559,362060,0.0032295105497344,1
2021-04-13,295448,301594,292139,298758,606615,0.0177102388276291,1
2021-04-14,299703,301594,295921,297813,431477,-0.0031630952141867,0
2021-04-15,297339,297812,292139,292614,578643,-0.0174572634505545,0
2021-04-16,293557,294976,289776,291195,399962,-0.0048493920318234,0
2021-04-19,291194,296394,288830,292614,602275,0.004873023231855,1
2021-04-20,289776,291194,283158,283631,1119119,-0.0306991463156239,0
2021-04-21,279376,281267,274176,274650,1062549,-0.0316643808328426,0
2021-04-22,276067,278431,271340,272287,816590,-0.0086036774076097,0
2021-04-23,272285,275122,269449,272287,551629,0.0,
2021-04-26,272285,272758,268503,269450,758368,-0.0104191533198426,0
2021-04-27,269449,269921,258577,259050,1422204,-0.0385971423269623,0
2021-04-28,257631,266612,251486,255268,1450902,-0.0145994981663771,0
2021-04-29,255740,261886,249595,253850,1096577,-0.0055549461742169,0
2021-04-30,255268,258104,250540,251487,739186,-0.0093086468386842,0
2021-05-03,250540,253377,234941,235887,2042576,-0.0620310393777809,0
2021-05-04,232104,246285,230686,245814,1933641,0.0420837095728039,1
2021-05-06,245813,247231,237304,238723,1219639,-0.0288470144092688,0
2021-05-07,239668,257158,239195,251960,1376092,0.0554492026323396,1
2021-05-10,261413,262359,254322,259995,1016746,0.0318899825369105,1
2021-05-11,258577,261413,251958,255741,729940,-0.0163618531125598,0
2021-05-12,255740,259522,247231,248178,816271,-0.0295728881954789,0
2021-05-13,246285,255740,245813,250542,911924,0.0095254212702173,1
2021-05-14,250540,256686,247231,255741,604362,0.0207510118064038,1
2021-05-17,259049,261886,254322,254795,604224,-0.0036990549032028,0
2021-05-18,250540,258577,249122,257159,464572,0.0092780470574382,1
2021-05-20,254322,257631,253849,255268,428918,-0.0073534272570666,0
2021-05-21,257158,260940,253849,253850,480041,-0.0055549461742169,0
2021-05-24,254322,254322,247231,247705,480320,-0.024207208981682,0
2021-05-25,248649,257158,246758,257159,566910,0.0381663672513674,1
2021-05-26,255268,258104,253377,255741,301552,-0.0055140982816078,0
2021-05-27,255740,257158,250540,254323,542485,-0.0055446721487755,0
2021-05-28,254795,260940,253377,258577,630619,0.0167267608513583,1
2021-05-31,259995,262831,259049,259523,457912,0.0036584847066831,1
2021-06-01,259522,260468,255268,257632,348679,-0.0072864447467083,0
2021-06-02,256686,257631,251958,251960,570216,-0.0220158986461309,0
2021-06-03,251486,257158,249595,251960,540454,0.0,
2021-06-04,251013,253849,248649,252432,482640,0.0018733132243213,1
2021-06-07,253377,254795,249122,250069,371214,-0.0093609368067439,0
2021-06-08,250540,256213,250540,254323,576453,0.0170113048798532,1
2021-06-09,255740,256686,247231,247232,639760,-0.0278818667599862,0
2021-06-10,249122,252431,246758,251014,589811,0.0152973725084131,1
2021-06-11,252431,256686,250067,251014,516427,0.0,
2021-06-14,257631,266140,254322,265668,1610867,0.0583792139083876,1
2021-06-15,265667,266140,259995,259995,645833,-0.0213537196802023,0
2021-06-16,259522,259522,255268,256686,422680,-0.0127271678301505,0
2021-06-17,255268,257158,253849,254323,410023,-0.0092058000825911,0
2021-06-18,254322,257158,254322,255268,503675,0.0037157472977276,1
2021-06-21,255268,266140,253849,265196,1064027,0.0388924581224439,1
2021-06-22,264721,265194,258577,259050,565245,-0.0231753118448242,0
2021-06-23,259995,268503,259049,266141,1010194,0.0273730939972978,1
2021-06-24,267558,268976,260468,263305,582625,-0.0106560056511397,0
2021-06-25,264249,265667,246758,251014,1178144,-0.0466797060443212,0
2021-06-28,253849,256213,251013,251487,547822,0.0018843570478139,1
2021-06-29,251486,253377,249122,250542,361335,-0.0037576495007694,0
2021-06-30,251013,256213,250067,253850,412299,0.0132033750828204,1
2021-07-01,255268,255268,250067,252904,497842,-0.0037266102028756,0
2021-07-02,252904,252904,250067,251487,373145,-0.005602916521684,0
2021-07-05,252431,261886,252431,258104,627743,0.026311499202742,1
2021-07-06,257158,257631,252431,252432,546447,-0.0219756377274277,0
2021-07-07,252904,254322,251486,251960,327530,-0.0018698104836153,0
2021-07-08,253377,254795,251486,251487,474082,-0.0018772821082712,0
2021-07-09,249595,251013,243922,247705,702286,-0.0150385507004338,0
2021-07-12,251013,252904,248176,248178,319069,0.0019095294806321,1
2021-07-13,251013,252904,248176,248651,362595,0.0019058901272472,1
2021-07-14,248649,249595,245813,246760,386040,-0.0076050367784565,0
2021-07-15,247704,255268,247231,251960,484439,0.021073107472848,1
2021-07-16,250067,257158,248176,254323,611398,0.009378472773456,1
2021-07-19,256686,257158,248649,248651,489917,-0.022302347801811,0
2021-07-20,251958,260468,251486,258104,1178059,0.0380171404900844,1
2021-07-21,260940,260940,252904,252904,555697,-0.0201469175216192,0
2021-07-22,254795,255267,251958,254795,316806,0.0074771454781261,1
2021-07-23,254322,256686,253377,253850,262290,-0.0037088639886967,0
2021-07-26,254322,255268,249595,249596,350329,-0.0167579279101831,0
2021-07-27,251958,254322,248176,249123,310483,-0.0018950624208721,0
2021-07-28,249122,250540,246285,247232,352446,-0.007590627922753,0
2021-07-29,247231,249122,246758,247232,248334,0.0,
2021-07-30,247231,247704,239668,239669,664034,-0.0305907002329794,0
2021-08-02,241559,249595,241559,249123,485681,0.0394460693706737,1
2021-08-03,249122,250540,246285,250542,296091,0.005695981503113,1
2021-08-04,250540,257631,250067,254795,526514,0.016975197771232,1
2021-08-05,255268,259995,253849,254323,435622,-0.0018524696324496,0
2021-08-06,256213,258104,252904,256686,351550,0.0092913342481804,1
2021-08-09,255740,256213,250067,251487,372076,-0.0202543185058787,0
2021-08-10,251958,257158,251486,255268,486467,0.0150345743517557,1
2021-08-11,257158,270394,255740,267559,1978960,0.0481493959289844,1
2021-08-12,272758,275122,264721,266141,1129376,-0.005299765659163,0
2021-08-13,268503,270867,259522,260468,851678,-0.0213157687090677,0
2021-08-17,259049,267558,256213,259050,831273,-0.005444046869481,0
2021-08-18,259995,261886,255268,259050,445017,0.0,
2021-08-19,256686,264249,255268,256213,529682,-0.0109515537541015,0
2021-08-20,258577,261413,250540,251487,685084,-0.0184455901925351,0
2021-08-23,254322,270867,254322,268505,1434007,0.067669501803274,1
2021-08-24,272285,272758,264249,267087,742058,-0.0052810934619467,0
2021-08-25,267085,267085,260940,266614,475449,-0.0017709585266224,0
2021-08-26,266612,273231,265194,268977,640058,0.0088630004425873,1
2021-08-27,269449,280794,267085,278431,1272263,0.035147986630827,1
2021-08-30,281267,284104,274649,275122,822607,-0.0118844525214505,0
2021-08-31,276540,277958,272285,277013,645033,0.0068733143841641,1
2021-09-01,277013,279376,273231,274650,445339,-0.008530285582265,0
2021-09-02,272758,276540,270867,272287,446578,-0.0086036774076097,0
2021-09-03,273231,274649,267558,267559,465863,-0.0173640313345844,0
2021-09-06,267085,269449,261413,263305,440711,-0.015899296977489,0
2021-09-07,263777,266612,260940,264250,365411,0.0035889937524924,1
2021-09-08,262831,264721,258104,258577,492502,-0.0214683065279092,0
2021-09-09,257158,260468,252431,254323,629579,-0.0164515792201161,0
2021-09-10,254795,256213,251013,252904,416831,-0.0055795189581752,0
2021-09-13,251958,252431,246285,247705,534683,-0.0205572074779363,0
2021-09-14,247231,250540,246285,248651,440731,0.0038190589612643,1
2021-09-15,251486,260468,251013,257632,609530,0.0361188975712947,1
2021-09-16,260940,260940,251958,252432,374651,-0.0201838280958887,0
2021-09-17,256213,260940,255268,260468,708369,0.0318343157761298,1
2021-09-23,271340,275122,267085,268977,1304251,0.0326681204600949,1
2021-09-24,269449,269921,259049,259523,670479,-0.0351479866308271,0
2021-09-27,257158,257631,252431,252904,541979,-0.0255044832249935,0
2021-09-28,250540,254795,248649,249123,545365,-0.0149503368867238,0
2021-09-29,245340,250540,245340,246760,499184,-0.0094852743423931,0
2021-09-30,245813,248649,244867,245341,488027,-0.0057505268276868,0
2021-10-01,243922,244394,233995,234468,1079293,-0.0443179085436188,0
2021-10-05,226904,227377,204214,206106,2554857,-0.1209632018015252,0
2021-10-06,206577,215087,200432,200433,1940177,-0.0275246717708363,0
2021-10-07,203268,207523,199959,201379,1134452,0.0047197816726787,1
2021-10-08,203741,212723,203741,211778,1049447,0.0516389494435864,1
2021-10-12,210359,210832,201377,202797,823727,-0.0424076155219144,0
2021-10-13,199959,206104,199959,203742,487603,0.0046598322460391,1
2021-10-14,205159,210832,203741,209887,596306,0.0301606934259994,1
2021-10-15,211777,212723,207050,207997,452053,-0.0090048454644642,0
2021-10-18,208941,208941,203268,204688,436754,-0.0159088833012014,0
2021-10-19,205159,206577,201850,206106,510417,0.0069276166653637,1
2021-10-20,207523,213196,206577,207051,553157,0.0045850193589707,1
2021-10-21,207995,208941,205632,205633,360206,-0.0068485542209407,0
2021-10-22,205159,208468,202795,207524,310161,0.0091959948062811,1
2021-10-25,207523,207995,203268,204688,355961,-0.0136658892465449,0
2021-10-26,206104,212723,205632,210360,574430,0.0277104666614553,1
2021-10-27,210359,210359,206577,207051,281834,-0.0157301768397033,0
2021-10-28,207995,208468,203741,203742,404348,-0.0159815697581755,0
2021-10-29,205159,205159,189087,189560,1587334,-0.0696076410362124,0
2021-11-01,189560,197123,185305,194287,912264,0.0249366955053809,1
2021-11-02,194760,200432,193341,195233,859261,0.00486908542517,1
2021-11-03,195705,199486,192869,198542,428512,0.0169489789123764,1
2021-11-04,199013,203268,195705,197124,451259,-0.0071420656586516,0
2021-11-05,197123,198068,192396,197597,516986,0.002399504880177,1
2021-11-08,190978,191923,182941,186252,1249212,-0.0574148392941188,0
2021-11-09,187669,196178,186723,194287,743738,0.043140476343878,1
2021-11-10,199013,208941,197596,202324,1348299,0.0413666380148955,1
2021-11-11,198541,203268,196178,200906,720487,-0.0070085605266799,0
2021-11-12,219341,219814,201377,201851,1684787,0.0047036922739986,1
2021-11-15,214614,237304,209414,220287,4738383,0.0913346973757871,1
2021-11-16,219341,222177,213668,216505,1067412,-0.0171685119866356,0
2021-11-17,215087,217450,206577,207051,969746,-0.0436664280270663,0
2021-11-18,204686,209414,203268,203270,572955,-0.0182612013465282,0
2021-11-19,203741,211305,203741,210832,683995,0.0372017513651792,1
2021-11-22,208941,215087,207050,212723,598835,0.0089692266828564,1
2021-11-23,207050,208468,195232,199960,1508479,-0.0599982136393337,0
2021-11-24,199013,202795,197123,199488,710529,-0.0023604720944189,0
2021-11-25,199959,202323,197123,197597,503148,-0.0094792669233236,0
2021-11-26,197596,206577,196651,202324,920999,0.0239224279720846,1
2021-11-29,208468,212250,200432,200906,1109705,-0.0070085605266799,0
2021-11-30,206104,206577,194287,195706,1215781,-0.0258827511373478,0
2021-12-01,199486,206104,198068,199960,888516,0.0217366866626469,1
2021-12-02,198541,202323,195232,201379,552442,0.0070964192838567,1
2021-12-03,199486,200904,195232,199015,669971,-0.0117390591869063,0
2021-12-06,196651,199013,193814,195233,592609,-0.019003592694018,0
2021-12-07,195232,195232,190032,192396,731599,-0.0145313548426752,0
2021-12-08,193341,198541,193341,196178,664614,0.0196573733341649,1
2021-12-09,196651,200904,195232,199488,857739,0.0168724321789395,1
2021-12-10,199486,199959,195705,196651,402817,-0.0142214068014115,0
2021-12-13,198541,199013,193341,193815,434528,-0.0144214878134359,0
2021-12-14,193814,197123,193341,194760,362338,0.0048757836080799,1
2021-12-15,194287,199013,194287,195233,457699,0.0024286301088518,1
2021-12-16,196651,197596,193814,194760,347115,-0.0024227461545948,0
2021-12-17,193814,197123,191923,195706,553919,0.0048572602177039,1
2021-12-20,195232,199959,194287,194760,579303,-0.0048337812841711,0
2021-12-21,195705,196178,193341,193815,375672,-0.0048521256931608,0
2021-12-22,194287,194760,188614,189560,751522,-0.0219539251347934,0
2021-12-23,188141,193341,184359,190033,738576,0.0024952521629035,1
2021-12-24,190032,192396,190032,190033,417191,0.0,
2021-12-27,189087,193814,188614,192869,958492,0.0149237237742918,1
2021-12-28,193341,204214,192869,204215,2088147,0.0588274943096092,1
2021-12-29,199879,200361,193137,193619,1693291,-0.051886492177362,0
2021-12-30,194581,194581,190728,190729,810659,-0.0149262210836745,0
2022-01-03,191210,192655,189283,191210,433071,0.0025219028045027,1
2022-01-04,189283,192173,186875,187357,683677,-0.0201506197374614,0
2022-01-05,186394,186394,180132,180614,1155976,-0.0359901151278041,0
2022-01-06,176279,179169,172426,174353,1086295,-0.0346650868703423,0
2022-01-07,175316,179169,174834,175798,535083,0.0082877839784805,1
2022-01-10,176279,184467,173871,180133,907699,0.0246589836061843,1
2022-01-11,183022,191210,182540,189284,1087598,0.0508013523341086,1
2022-01-12,190247,191210,185912,189766,464659,0.002546438156421,1
2022-01-13,189765,190247,184949,187839,497400,-0.0101546114688616,0
2022-01-14,183504,183985,163757,164720,2627191,-0.1230788068505475,0
2022-01-17,159422,166646,153642,154124,2752189,-0.0643273433705682,0
2022-01-18,157014,161348,152679,153643,1616361,-0.0031208637201214,0
2022-01-19,150271,163757,149789,160867,1586632,0.047018087384391,1
2022-01-20,159422,160385,155087,158941,822571,-0.0119726233472371,0
2022-01-21,162312,163757,156050,157496,776827,-0.0090914238616844,0
2022-01-24,156532,161348,155569,160386,642608,0.0183496723726317,1
2022-01-25,160867,160867,151716,152679,856699,-0.0480528225655605,0
2022-01-26,152197,155087,149789,150271,598936,-0.0157716516351299,0
2022-01-27,150271,151234,141601,142083,1111340,-0.0544882246075423,0
2022-01-28,143046,147381,143046,145455,826579,0.0237326069973184,1
2022-02-03,147863,154605,147381,151234,717928,0.0397305008421848,1
2022-02-04,151234,154605,148826,152679,371243,0.0095547297565361,1
2022-02-07,156532,156532,150271,151234,533268,-0.0094643009189213,0
2022-02-08,152679,158459,152197,156051,600627,0.0318513032783633,1
2022-02-09,157014,157495,153161,154606,402317,-0.009259793272712,0
2022-02-10,155087,157495,154124,154606,410479,0.0,
2022-02-11,156532,156532,152197,152679,390156,-0.0124639405973895,0
2022-02-14,149307,156050,148826,152679,406646,0.0,
2022-02-15,152197,153161,146418,147863,623372,-0.0315433032702597,0
2022-02-16,150752,154605,149789,152198,501104,0.029317679203046,1
2022-02-17,153161,156532,148826,153643,636713,0.0094942114876672,1
2022-02-18,151234,152679,149307,151716,320195,-0.012542061792597,0
2022-02-21,150271,156532,149307,155569,436457,0.0253961348835982,1
2022-02-22,152679,157977,152197,157014,521839,0.0092884829239758,1
2022-02-23,157014,159422,154124,154606,433009,-0.0153362120575235,0
2022-02-24,151234,151716,144491,145455,806989,-0.0591891647154703,0
2022-02-25,148344,149789,146899,149790,422361,0.0298030318655253,1
2022-02-28,148826,153642,147863,153643,396768,0.0257226784164497,1
2022-03-02,153642,157014,153161,153161,302416,-0.003137142596799,0
2022-03-03,153161,168091,153161,164720,1243856,0.0754696038808835,1
2022-03-04,162793,165683,158940,160867,542026,-0.023391209324915,0
2022-03-07,158459,162793,156532,158941,441747,-0.0119726233472371,0
2022-03-08,157495,167610,156532,163757,712743,0.0303005517770744,1
2022-03-10,166646,167128,162312,166647,642443,0.0176481005392135,1
2022-03-11,167128,173389,164720,166647,833650,0.0,
2022-03-14,176761,181577,171944,173871,1506612,0.0433491151955931,1
2022-03-15,174834,176279,169536,173390,602323,-0.0027664187817404,0
2022-03-16,175316,175798,172426,174353,358315,0.0055539535151969,1
2022-03-17,178206,182540,177242,178688,771649,0.0248633519354413,1
2022-03-18,182540,182540,178687,179651,494811,0.0053892818767908,1
2022-03-21,181096,181096,173871,174353,525734,-0.0294905121596873,0
2022-03-22,162793,164720,160867,161831,4098921,-0.0718198138259736,0
2022-03-23,163275,164720,162312,163275,682276,0.008922888692525,1
2022-03-24,162793,164720,158459,161831,828511,-0.0088439748889909,0
2022-03-25,162793,162793,158940,159422,700256,-0.0148858994877372,0
2022-03-28,159422,162793,158459,161831,420278,0.0151108379019206,1
2022-03-29,162793,165201,162312,164239,424321,0.014879720201939,1
2022-03-30,165683,168573,163757,167610,531140,0.020524966664434,1
2022-03-31,168091,169055,163757,165202,389287,-0.01436668456536,0
2022-04-01,163757,164238,162312,162794,303500,-0.0145760947204028,0
2022-04-04,162793,164720,162312,163757,224773,0.0059154514294139,1
2022-04-05,164238,165201,162312,165202,226451,0.0088240502696068,1
2022-04-06,164238,165683,161830,162312,336109,-0.0174937349426762,0
2022-04-07,161348,163757,159903,160386,378949,-0.0118660357829365,0
2022-04-08,161348,161830,157014,157977,303096,-0.0150200142157046,0
2022-04-11,157495,157977,153642,156051,316024,-0.0121916481513131,0
2022-04-12,153642,157495,153161,155088,296834,-0.0061710594613298,0
2022-04-13,155087,158459,155087,158459,245869,0.0217360466315899,1
2022-04-14,157977,158459,155087,157977,372525,-0.0030417963006204,0
2022-04-15,155569,156050,151716,152679,461084,-0.0335365274691885,0
2022-04-18,151234,153161,149789,150753,284688,-0.012614701432417,0
2022-04-19,150752,155087,150752,154606,281245,0.0255583636809881,1
2022-04-20,154124,154605,152197,153643,250948,-0.0062287362715547,0
2022-04-21,155087,156532,153642,153643,235574,0.0,
2022-04-22,151716,154124,151234,153161,257491,-0.003137142596799,0
2022-04-25,150752,152197,149789,149790,298211,-0.0220095193946239,0
2022-04-26,151716,163757,151716,161831,995910,0.0803858735563121,1
2022-04-27,158459,169536,157014,164720,917856,0.0178519566708479,1
2022-04-28,164720,169536,163757,169537,481286,0.0292435648372997,1
2022-04-29,168573,171463,166646,169537,367418,0.0,
2022-05-02,168091,169536,165683,166647,259279,-0.0170464264437851,0
2022-05-03,166165,169536,165683,165684,236979,-0.0057786818844624,0
2022-05-04,166165,167128,161348,162794,270872,-0.0174428430023417,0
2022-05-06,158940,164238,158940,163275,369798,0.0029546543484404,1
2022-05-09,161348,163275,157495,158941,292409,-0.0265441739396723,0
2022-05-10,157495,158940,154124,156051,431044,-0.018182847723369,0
2022-05-11,154605,157495,154124,156051,247393,0.0,
2022-05-12,154124,154605,148344,148826,621265,-0.0462989663635606,0
2022-05-13,143528,146418,137266,139675,1449307,-0.0614879120583768,0
2022-05-16,140156,142083,135822,135822,846115,-0.0275854662609629,0
2022-05-17,135822,138711,135822,137267,530286,0.01063892447468,1
2022-05-18,137266,139675,136785,137267,563398,0.0,
2022-05-19,133895,137266,133895,135822,560936,-0.0105269292692343,0
2022-05-20,137266,140638,137266,139675,455082,0.0283680110733166,1
2022-05-23,140638,144009,139193,141602,525529,0.0137963128691604,1
2022-05-24,140156,141601,139193,139675,253540,-0.0136085648507789,0
2022-05-25,141601,150271,141120,147381,761082,0.0551709325219258,1
2022-05-26,147862,149789,145936,148345,342688,0.0065408702614313,1
2022-05-27,149307,153161,148826,150271,411869,0.0129832485085443,1
2022-05-30,151234,153161,149307,151234,331021,0.0064084221173745,1
2022-05-31,152197,154605,150271,154606,554860,0.022296573521827,1
2022-06-02,154124,154124,151234,151716,317581,-0.0186926768689442,0
2022-06-03,153642,157014,153642,155569,323024,0.0253961348835982,1
2022-06-07,154605,155087,151716,153161,352727,-0.0154786622013383,0
2022-06-08,153161,157977,153161,156051,352139,0.0188690332395322,1
2022-06-09,155569,159422,154605,159422,515847,0.0216019121953721,1
2022-06-10,157495,158940,153161,153643,676456,-0.0362497020486507,0
2022-06-13,149789,154124,149789,152679,419742,-0.0062742851935981,0
2022-06-14,151716,153161,148826,150271,436987,-0.0157716516351299,0
2022-06-15,149307,151234,145454,146418,459462,-0.0256403431134417,0
2022-06-16,148344,149789,144009,144492,390793,-0.0131541203950333,0
2022-06-17,140638,148344,140638,147381,490610,0.019994186529358,1
2022-06-20,148344,151234,144491,146900,360078,-0.0032636499955897,0
2022-06-21,148826,149307,145936,148345,240066,0.0098366235534377,1
2022-06-22,149789,155087,148344,150271,475159,0.0129832485085443,1
2022-06-23,151234,157977,150271,154606,809788,0.0288478814941006,1
2022-06-24,155087,166646,154605,165202,1025352,0.0685355031499423,1
2022-06-27,167128,172908,165201,169055,958354,0.023322962191741,1
2022-06-28,168091,169536,161830,168092,590080,-0.0056963710035196,0
2022-06-29,168091,171463,166646,169537,425999,0.0085964828784237,1
2022-06-30,169055,177242,169055,171945,833689,0.0142033892306694,1
2022-07-01,173871,176279,167610,172427,547657,0.0028032219605105,1
2022-07-04,172426,174834,170500,172908,438591,0.0027895863176881,1
2022-07-05,173389,176279,170981,176280,470417,0.019501700326185,1
2022-07-06,174834,183022,174834,179651,926342,0.0191229861583843,1
2022-07-07,181096,182059,177724,180614,383222,0.0053603932068289,1
2022-07-08,180132,180132,171944,175798,784401,-0.0266645996434384,0
2022-07-11,174834,180614,174834,179169,357216,0.0191754172402416,1
2022-07-12,180614,184467,178206,180614,439433,0.0080650112463651,1
2022-07-13,181577,185912,180614,183023,533210,0.0133378364910803,1
2022-07-14,183022,183504,179651,182059,436183,-0.0052670975779,0
2022-07-15,182540,182540,176279,179651,404724,-0.0132264815252198,0
2022-07-18,180614,180614,173389,176280,380851,-0.0187641593979437,0
2022-07-19,177242,179651,175798,176761,232063,0.0027286135693216,1
2022-07-20,178206,179651,176279,177243,251675,0.0027268458540061,1
2022-07-21,176761,177242,172426,175798,332138,-0.0081526491878382,0
2022-07-22,174834,177724,172908,172908,224588,-0.0164393224041229,0
2022-07-25,173871,179651,172426,178206,302427,0.0306405718648066,1
2022-07-26,178687,182059,177242,179169,250125,0.0054038584559441,1
2022-07-27,179169,183985,179169,182541,369999,0.0188202200157392,1
2022-07-28,183985,184467,182059,183023,363312,0.0026405026815894,1
2022-07-29,184949,185430,181577,183023,293191,0.0,
2022-08-01,183504,183504,179169,180614,250333,-0.0131622801505821,0
2022-08-02,181096,183022,178687,179169,257134,-0.0080004872269038,0
2022-08-03,178206,180614,178206,179169,235393,0.0,
2022-08-04,180132,183504,178687,182059,349123,0.0161300224927303,1
2022-08-05,183504,191210,183022,189766,881894,0.0423324306955437,1
2022-08-08,192173,196508,189765,196027,898644,0.0329932653900066,1
2022-08-09,197953,205659,194581,203733,1085046,0.0393109112520213,1
2022-08-10,204214,206141,201324,203733,618240,0.0,
2022-08-11,205659,207104,201806,204696,520017,0.0047267747493042,1
2022-08-12,204214,205659,197953,200362,449452,-0.0211728612185875,0
2022-08-16,201324,204696,199879,203251,354402,0.014418901787764,1
2022-08-17,203251,206141,202288,204215,426376,0.0047429040939528,1
2022-08-18,203251,203251,194581,195064,516139,-0.0448106162622725,0
2022-08-19,195063,197953,193618,194100,301651,-0.004941967764426,0
2022-08-22,192655,196508,192173,192655,266690,-0.0074446161772282,0
2022-08-23,189283,190728,185912,186876,411125,-0.0299966260932755,0
2022-08-24,187838,190247,184949,186394,233046,-0.0025792504120378,0
2022-08-25,186875,190247,185430,190247,267818,0.0206712662424755,1
2022-08-26,190728,191210,182059,182541,479944,-0.0405052379275363,0
2022-08-29,175316,180132,175316,178688,387059,-0.0211075867887214,0
2022-08-30,180132,182540,177724,181578,311128,0.0161734419770773,1
2022-08-31,178687,183985,178687,182541,311852,0.0053035059313353,1
2022-09-01,181096,181577,177242,179651,328462,-0.0158320596468738,0
2022-09-02,180614,182540,176761,177725,312007,-0.0107207864136575,0
2022-09-05,176279,179169,172426,173871,393350,-0.0216851877901251,0
2022-09-06,174353,176279,172426,174353,197171,0.002772170172139,1
2022-09-07,172908,173389,168573,172427,338195,-0.0110465549775455,0
2022-09-08,174834,179651,174834,177243,529256,0.0279306605114049,1
2022-09-13,180614,181096,177242,179651,421135,0.0135858679891447,1
2022-09-14,173389,174353,169536,173390,491699,-0.0348509053665161,0
2022-09-15,173871,174353,171463,172427,344526,-0.0055539535151969,0
2022-09-16,169536,170018,166646,167610,355615,-0.0279364600671588,0
2022-09-19,168573,170500,165683,166165,270636,-0.0086212039854424,0
2022-09-20,168573,169536,166646,169055,273135,0.017392350976439,1
2022-09-21,167610,168573,161830,162794,400474,-0.0370352843749075,0
2022-09-22,159903,164238,157014,162794,546982,0.0,
2022-09-23,161348,162793,157977,161349,380181,-0.0088762485103873,0
2022-09-26,157495,163275,157495,158459,405840,-0.0179114838021927,0
2022-09-27,158459,161348,157014,159422,407228,0.0060772818205339,1
2022-09-28,160385,167128,158459,160386,666209,0.0060468442247618,1
2022-09-29,165201,168091,163275,164720,558830,0.0270223086803087,1
2022-09-30,163757,172426,163275,169055,643692,0.0263173870811073,1
2022-10-04,171944,172426,166165,166647,484298,-0.0142438851261423,0
2022-10-05,168573,169055,165201,165202,322337,-0.0086710231807353,0
2022-10-06,166646,168091,158940,163757,402499,-0.0087468674713381,0
2022-10-07,163275,165201,159422,159904,372209,-0.023528765182557,0
2022-10-11,156532,161348,156050,158941,376662,-0.0060223634180508,0
2022-10-12,158459,160385,156050,158459,315724,-0.0030325718348317,0
2022-10-13,158459,162312,157977,158941,409865,0.0030417963006204,1
2022-10-14,160867,168091,160385,167610,412687,0.0545422515272961,1
2022-10-17,165201,166646,162312,163275,318282,-0.0258636119563271,0
2022-10-18,165683,170981,164238,170018,381906,0.0412984229061399,1
2022-10-19,170500,173871,165201,165202,412649,-0.0283264124975002,0
2022-10-20,164720,168091,162793,165202,366817,0.0,
2022-10-21,164238,169536,164238,167610,297164,0.0145760947204029,1
2022-10-24,171944,174353,168573,171463,410689,0.0229878885508023,1
2022-10-25,171944,179651,170500,177725,675129,0.0365209986994279,1
2022-10-26,177724,180132,175798,178688,393736,0.0054184836123223,1
2022-10-27,181096,183022,179169,183023,394551,0.024260162965616,1
2022-10-28,183022,184949,180132,180614,325724,-0.0131622801505821,0
2022-10-31,183022,186875,182540,184949,313185,0.0240014616807113,1
2022-11-01,183504,184949,178206,179169,386380,-0.0312518586204845,0
2022-11-02,179169,182059,174834,180614,442551,0.0080650112463651,1
2022-11-03,176279,180614,174353,178206,351165,-0.0133322998217192,0
2022-11-04,176761,179169,176279,177243,265881,-0.0054038584559442,0
2022-11-07,178206,179651,175798,176280,279742,-0.0054332188013066,0
2022-11-08,177242,181577,177242,180614,339317,0.0245858860903107,1
2022-11-09,181577,182059,179169,180614,283060,0.0,
2022-11-10,182540,184467,179651,180133,448283,-0.0026631379627271,0
2022-11-11,184467,186875,182540,184949,493483,0.0267358007694313,1
2022-11-14,183022,185430,177242,178206,628598,-0.0364586994252469,0
2022-11-15,179651,182059,178206,181096,417500,0.0162171868511722,1
2022-11-16,181577,183022,171944,172908,775064,-0.0452135883730175,0
2022-11-17,172908,175798,172908,172908,413791,0.0,
2022-11-18,173871,174353,171463,171463,247258,-0.0083570453651652,0
2022-11-21,172426,173871,169055,170500,251389,-0.0056163720452808,0
2022-11-22,169536,172426,169055,170018,275838,-0.0028269794721407,0
2022-11-23,171463,171463,166646,168573,324003,-0.0084991000952839,0
2022-11-24,169536,172426,169536,170982,234435,0.014290544749159,1
2022-11-25,171463,172426,168573,168573,180889,-0.0140892023721794,0
2022-11-28,170018,170018,165683,166647,248776,-0.0114253172216191,0
2022-11-29,165201,170981,165201,170018,213487,0.02022838694966,1
2022-11-30,169536,171463,168573,169537,319869,-0.0028291122116481,0
2022-12-01,172908,173871,170500,171945,250186,0.0142033892306694,1
2022-12-02,171944,171944,167610,167610,242687,-0.0252115502050074,0
2022-12-05,168091,169055,165683,167129,209390,-0.0028697571743929,0
2022-12-06,166646,168573,165683,165684,236331,-0.0086460159517498,0
2022-12-07,166165,169536,164238,168092,290869,0.0145336906400135,1
2022-12-08,169055,170500,167610,170018,495728,0.0114580110891655,1
2022-12-09,170500,173871,168573,173871,450556,0.0226623063440341,1
2022-12-12,172426,173871,170018,170018,174545,-0.0221601072059169,0
2022-12-13,171463,173389,169536,172427,186116,0.0141690879789198,1
2022-12-14,172908,177242,172908,175316,311450,0.0167549165733904,1
2022-12-15,175316,176761,172908,172908,199756,-0.0137351981564717,0
2022-12-16,170018,172426,170018,172427,269006,-0.0027818261734564,0
2022-12-19,172908,174834,171944,172427,253099,0.0,
2022-12-20,171944,171944,168091,170982,346422,-0.0083803580645722,0
2022-12-21,171944,174353,171463,172908,237155,0.0112643436151174,1
2022-12-22,173389,174834,172426,174353,237401,0.0083570453651653,1
2022-12-23,170500,172426,166646,166647,488253,-0.0441976908914673,0
2022-12-26,167610,169055,166165,169055,432546,0.0144497050651977,1
2022-12-27,169536,171463,168091,170500,678885,0.0085475141226227,1
2022-12-28,169000,170500,164500,165500,560269,-0.0293255131964809,0
2022-12-29,164500,165000,159500,160500,432740,-0.0302114803625377,0
2023-01-02,161000,164000,160000,160000,290850,-0.0031152647975077,0
2023-01-03,160000,162000,157500,159000,313306,-0.0062499999999999,0
2023-01-04,158500,161500,156000,160500,272316,0.009433962264151,1
2023-01-05,161000,165000,160500,163000,290217,0.0155763239875388,1
2023-01-06,161500,165000,161500,163500,230828,0.0030674846625766,1
2023-01-09,166000,167500,164000,166000,227362,0.0152905198776758,1
2023-01-10,166000,167000,164000,165000,239727,-0.0060240963855421,0
2023-01-11,166000,167500,165500,166500,246757,0.009090909090909,1
2023-01-12,167500,170000,167000,168000,308564,0.0090090090090089,1
2023-01-13,169000,172000,168500,169000,278561,0.0059523809523809,1
2023-01-16,170000,170000,168000,168000,154591,-0.0059171597633136,0
2023-01-17,168000,168500,163000,163500,330668,-0.0267857142857143,0
2023-01-18,163500,164500,162000,164000,211709,0.003058103975535,1
2023-01-19,162500,166000,162000,164000,195569,0.0,
2023-01-20,163500,164000,161500,162500,242051,-0.0091463414634146,0
2023-01-25,163000,165300,163000,164500,200722,0.0123076923076923,1
2023-01-26,164100,165300,163300,165300,304929,0.0048632218844983,1
2023-01-27,165700,167500,164600,166800,336316,0.0090744101633393,1
2023-01-30,167000,168900,163700,163700,331470,-0.0185851318944844,0
2023-01-31,163000,164000,161100,161600,403867,-0.0128283445326817,0
2023-02-01,161700,170200,161200,169800,693790,0.0507425742574256,1
2023-02-02,172000,172000,167200,169400,472038,-0.0023557126030624,0
2023-02-03,168400,169800,167400,169100,264225,-0.0017709563164108,0
2023-02-06,168800,169600,166300,166300,332938,-0.0165582495564754,0
2023-02-07,165900,168800,165900,166400,284848,0.0006013229104029,1
2023-02-08,167000,168400,166500,167000,238941,0.0036057692307691,1
2023-02-09,166200,166800,165000,165600,368888,-0.0083832335329341,0
2023-02-10,164500,164600,161900,162400,428930,-0.0193236714975845,0
2023-02-13,162000,162200,160000,161100,386779,-0.0080049261083743,0
2023-02-14,161900,162300,160400,161400,346673,0.0018621973929235,1
2023-02-15,161200,161600,156500,156600,620564,-0.0297397769516728,0
2023-02-16,157000,158600,156400,157300,466816,0.0044699872286078,1
2023-02-17,156000,156100,154300,154700,408825,-0.0165289256198346,0
2023-02-20,154400,157700,153100,157000,445422,0.0148674854557206,1
2023-02-21,157600,157700,153900,154800,415054,-0.0140127388535031,0
2023-02-22,152500,152800,148500,149000,932833,-0.0374677002583979,0
2023-02-23,149300,150300,148500,149000,487140,0.0,
2023-02-24,149000,149800,147400,149300,484252,0.002013422818792,1
2023-02-27,147800,148300,145200,146000,481473,-0.0221031480241125,0
2023-02-28,145900,147400,144700,145200,737854,-0.0054794520547944,0
2023-03-02,144900,145800,142500,143700,575951,-0.0103305785123967,0
2023-03-03,144000,154600,144000,150600,1467217,0.0480167014613779,1
2023-03-06,152900,154000,149100,151800,791350,0.0079681274900398,1
2023-03-07,151900,158700,151200,155400,1156965,0.0237154150197629,1
2023-03-08,153800,158800,152000,154300,903712,-0.0070785070785071,0
2023-03-09,155800,158200,153800,157200,765655,0.0187945560596241,1
2023-03-10,155000,156500,153200,154700,459565,-0.0159033078880407,0
2023-03-13,154200,156400,151300,155400,414435,0.004524886877828,1
2023-03-14,153500,156200,150900,150900,462108,-0.028957528957529,0
2023-03-15,152800,153500,150000,151200,317958,0.0019880715705764,1
2023-03-16,150000,152400,147500,151600,340066,0.0026455026455025,1
2023-03-17,152600,157100,151700,156500,619666,0.0323218997361478,1
2023-03-20,156900,160500,156900,157900,418037,0.0089456869009585,1
2023-03-21,158100,159400,155200,156000,333364,-0.012032932235592,0
2023-03-22,156800,157200,155100,156100,289918,0.0006410256410256,1
2023-03-23,155900,156000,153500,154500,395821,-0.0102498398462523,0
2023-03-24,153500,156700,153100,153600,367232,-0.0058252427184466,0
2023-03-27,153600,159400,151000,158600,679992,0.0325520833333332,1
2023-03-28,159100,159800,150400,151200,901079,-0.0466582597730138,0
2023-03-29,152200,153100,149500,150500,522536,-0.0046296296296296,0
2023-03-30,150600,151200,148200,148600,571909,-0.0126245847176079,0
2023-03-31,149000,150500,148600,149800,360499,0.0080753701211304,1
2023-04-03,151400,154300,149700,150000,675050,0.0013351134846462,1
2023-04-04,150000,159100,149400,159000,1013981,0.06,1
2023-04-05,159300,163000,157500,158600,713779,-0.0025157232704402,0
2023-04-06,160900,163000,159200,159500,727285,0.0056746532156368,1
2023-04-07,160400,161000,158100,159500,364832,0.0,
2023-04-10,159600,164900,159300,163900,697393,0.0275862068965517,1
2023-04-11,163900,172300,162500,170800,1123744,0.0420988407565587,1
2023-04-12,171500,179800,170000,178800,1362887,0.0468384074941452,1
2023-04-13,180200,184100,177700,179800,1104388,0.005592841163311,1
2023-04-14,178900,180800,175200,175800,661136,-0.0222469410456062,0
2023-04-17,177900,177900,175000,175500,464469,-0.0017064846416382,0
2023-04-18,173700,175900,170600,171000,645282,-0.0256410256410256,0
2023-04-19,170800,173400,169400,170300,381718,-0.004093567251462,0
2023-04-20,171000,172900,167300,167900,442779,-0.0140927774515561,0
2023-04-21,167500,170500,167200,168200,347219,0.0017867778439546,1
2023-04-24,167500,169000,165900,166500,313818,-0.0101070154577883,0
2023-04-25,167500,170000,164400,165400,413710,-0.0066066066066066,0
2023-04-26,165400,166900,164000,165500,271855,0.0006045949214026,1
2023-04-27,164500,165000,161600,163200,387901,-0.0138972809667673,0
2023-04-28,163200,165600,160200,160600,468091,-0.0159313725490196,0
2023-05-02,160700,161400,159100,160400,341539,-0.0012453300124533,0
2023-05-03,157100,159500,153800,159000,427626,-0.0087281795511221,0
2023-05-04,158200,163600,158000,163000,431607,0.0251572327044025,1
2023-05-08,163800,166000,162300,162400,339420,-0.003680981595092,0
2023-05-09,165900,173700,165800,171800,1127696,0.0578817733990146,1
2023-05-10,171700,171800,168500,169000,359298,-0.0162980209545984,0
2023-05-11,170000,170800,167200,168600,390534,-0.0023668639053254,0
2023-05-12,167800,169800,166400,166600,301870,-0.0118623962040331,0
2023-05-15,165500,170400,164500,168600,403134,0.0120048019207683,1
2023-05-16,168000,171000,167600,168100,285565,-0.0029655990510083,0
2023-05-17,167500,171900,167500,171800,326890,0.0220107079119571,1
2023-05-18,171900,174500,170600,172100,339923,0.0017462165308497,1
2023-05-19,172100,174400,170800,173900,383940,0.0104590354445091,1
2023-05-22,174000,179400,174000,177900,511523,0.0230017251293848,1
2023-05-23,178400,180000,177500,179500,348447,0.0089938167509837,1
2023-05-24,179100,180900,177500,179000,454223,-0.0027855153203342,0
2023-05-25,178100,179000,173100,173100,570588,-0.0329608938547486,0
2023-05-26,173100,175200,171400,173100,287879,0.0,
2023-05-30,175100,175500,172300,172300,296586,-0.0046216060080878,0
2023-05-31,172100,172400,169500,171300,890549,-0.0058038305281485,0
2023-06-01,171300,177400,170100,175400,472815,0.0239346176298891,1
2023-06-02,176400,176700,172400,173500,402399,-0.0108323831242873,0
2023-06-05,174500,174700,171300,172200,256488,-0.007492795389049,0
2023-06-07,172200,173200,170400,170400,400233,-0.0104529616724738,0
2023-06-08,170500,171000,167200,168200,526815,-0.0129107981220657,0
2023-06-09,168800,171000,167800,169000,344092,0.0047562425683709,1
2023-06-12,169600,169700,167000,167000,299960,-0.0118343195266271,0
2023-06-13,167300,168600,165000,165000,426438,-0.0119760479041916,0
2023-06-14,165300,166400,163700,164400,374811,-0.0036363636363636,0
2023-06-15,164800,165400,161600,164100,524873,-0.0018248175182481,0
2023-06-16,164900,168400,163900,165300,516552,0.0073126142595978,1
2023-06-19,165400,166000,163000,163000,263210,-0.013914095583787,0
2023-06-20,162800,163900,161000,161100,322326,-0.0116564417177914,0
2023-06-21,161100,162000,158600,159000,375242,-0.0130353817504655,0
2023-06-22,158500,161900,158500,161600,418004,0.0163522012578616,1
2023-06-23,162000,164700,160400,163900,588025,0.0142326732673268,1
2023-06-26,163600,166100,162700,165100,434813,0.0073215375228798,1
2023-06-27,165100,166500,149400,150800,1826800,-0.0866141732283464,0
2023-06-28,152200,154300,150300,151800,803517,0.0066312997347479,1
2023-06-29,150600,154600,149300,152500,394752,0.0046113306982871,1
2023-06-30,152500,153900,150800,152900,324685,0.0026229508196722,1
2023-07-03,153000,153300,150400,151600,581206,-0.0085022890778286,0
2023-07-04,151600,152200,149600,149900,495324,-0.0112137203166227,0
2023-07-05,150700,154400,150600,152600,561183,0.0180120080053369,1
2023-07-06,153100,153300,150500,152600,495754,0.0,
2023-07-07,151900,153000,148600,148600,524598,-0.0262123197903014,0
2023-07-10,148400,149800,147400,148300,416070,-0.0020188425302826,0
2023-07-11,148300,149200,144000,146600,824194,-0.0114632501685771,0
2023-07-12,146300,153900,144600,152500,1134844,0.0402455661664393,1
2023-07-13,154200,162200,154100,156000,1471599,0.022950819672131,1
2023-07-14,158200,160500,156200,158200,681669,0.014102564102564,1
2023-07-17,157500,158000,154600,155900,377336,-0.0145385587863463,0
2023-07-18,154600,155600,149100,150000,644056,-0.0378447722899294,0
2023-07-19,149300,151200,149200,149900,369514,-0.0006666666666667,0
2023-07-20,149900,151100,149000,150100,356426,0.0013342228152102,1
2023-07-21,149900,153100,149900,151000,406522,0.0059960026648899,1
2023-07-24,150400,150500,146200,147400,669720,-0.023841059602649,0
2023-07-25,146700,147900,144100,144500,621953,-0.0196743554952509,0
2023-07-26,143900,144700,139500,142400,1280593,-0.0145328719723183,0
2023-07-27,141100,145300,141100,144100,636071,0.0119382022471909,1
2023-07-28,144300,145100,142300,143800,367393,-0.0020818875780708,0
2023-07-31,144100,148000,143800,146600,449053,0.0194714881780251,1
2023-08-01,147500,152100,147200,151000,695903,0.0300136425648021,1
2023-08-02,151100,152100,146400,148000,448818,-0.0198675496688741,0
2023-08-03,147100,153000,146800,151200,613417,0.0216216216216216,1
2023-08-04,151600,151900,149500,150700,261080,-0.0033068783068782,0
2023-08-07,150200,152300,149000,149000,375680,-0.0112806901128068,0
2023-08-08,149800,150400,147500,148000,270912,-0.0067114093959731,0
2023-08-09,147500,155000,147500,154900,687924,0.0466216216216215,1
2023-08-10,154900,156800,152400,156100,591550,0.0077469335054873,1
2023-08-11,156100,157300,154500,156500,370992,0.002562459961563,1
2023-08-14,157600,157600,150600,154000,508589,-0.0159744408945686,0
2023-08-16,150000,150400,144400,145700,851055,-0.0538961038961038,0
2023-08-17,144800,146000,143300,143600,543730,-0.0144131777625257,0
2023-08-18,153400,156900,148800,150400,2918953,0.0473537604456824,1
2023-08-21,150000,151000,145100,145100,679159,-0.0352393617021277,0
2023-08-22,145200,146400,143000,143400,536871,-0.0117160578911096,0
2023-08-23,143400,143900,141500,141500,409600,-0.0132496513249651,0
2023-08-24,142100,145700,140900,144600,499358,0.0219081272084804,1
2023-08-25,145000,146000,143400,143500,240799,-0.0076071922544951,0
2023-08-28,144900,145000,142700,144400,252682,0.0062717770034843,1
2023-08-29,145300,147700,145300,147500,393275,0.0214681440443214,1
2023-08-30,148500,148500,146100,147500,282865,0.0,
2023-08-31,147400,148000,143900,143900,506440,-0.0244067796610168,0
2023-09-01,143900,146100,143900,143900,276549,0.0,
2023-09-04,143900,145500,143700,145500,271134,0.011118832522585,1
2023-09-05,144600,147000,144600,146600,289260,0.0075601374570446,1
2023-09-06,146000,147100,145200,146900,370894,0.0020463847203273,1
2023-09-07,145800,147500,145300,146400,297979,-0.0034036759700476,0
2023-09-08,146400,147900,146300,147500,295123,0.0075136612021857,1
2023-09-11,147500,149700,147000,149300,333692,0.0122033898305085,1
2023-09-12,149200,149200,145500,146200,353004,-0.0207635632953784,0
2023-09-13,145700,147500,144600,146200,272880,0.0,
2023-09-14,146700,147600,145700,147600,422052,0.0095759233926129,1
2023-09-15,147700,147700,146400,146500,347460,-0.0074525745257452,0
2023-09-18,145900,148000,145800,146400,186548,-0.0006825938566552,0
2023-09-19,146100,147300,145100,145600,182107,-0.0054644808743169,0
2023-09-20,145600,146000,144300,145300,199649,-0.0020604395604395,0
2023-09-21,145300,145300,142500,142500,363843,-0.0192704748795595,0
2023-09-22,141200,142000,139300,139300,435892,-0.0224561403508771,0
2023-09-25,139300,140400,138500,139300,263708,0.0,
2023-09-26,139300,140000,136400,136600,335202,-0.0193826274228284,0
2023-09-27,134500,139800,134500,139200,260860,0.0190336749633968,1
2023-10-04,138700,138700,135300,135900,447358,-0.023706896551724,0
2023-10-05,136000,138000,131000,131800,497887,-0.0301692420897718,0
2023-10-06,131200,138400,131100,137000,404988,0.0394537177541729,1
2023-10-10,139800,143800,139600,140200,434998,0.0233576642335766,1
2023-10-11,141100,142600,140000,140900,224905,0.0049928673323822,1
2023-10-12,141500,144100,141200,144100,386909,0.0227111426543646,1
2023-10-13,142400,144700,141500,143900,246252,-0.0013879250520472,0
2023-10-16,143700,145300,143400,144500,317837,0.0041695621959694,1
2023-10-17,145100,147400,144800,145000,261280,0.0034602076124568,1
2023-10-18,145300,146100,142000,142300,246276,-0.0186206896551723,0
2023-10-19,141500,145300,141000,142300,316339,0.0,
2023-10-20,141700,143100,140400,142200,364869,-0.0007027406886859,0
2023-10-23,146000,147800,138500,140600,921528,-0.0112517580872011,0
2023-10-24,142000,150500,141500,150100,967992,0.0675675675675675,1
2023-10-25,150500,151400,148800,150100,663987,0.0,
2023-10-26,148900,150800,147400,149700,534838,-0.0026648900732845,0
2023-10-27,150400,150500,148100,149500,417382,-0.0013360053440213,0
2023-10-30,149200,150300,149100,149300,411392,-0.0013377926421405,0
2023-10-31,150000,150500,148500,149500,423138,0.001339584728734,1
2023-11-01,149700,150000,149100,149400,468825,-0.0006688963210702,0
2023-11-02,149800,150000,149000,149800,542480,0.0026773761713521,1
2023-11-03,149700,150100,149100,149900,454326,0.0006675567423231,1
2023-11-06,152200,157900,151500,157900,1197662,0.0533689126084055,1
2023-11-07,160300,161500,154000,155600,1245249,-0.0145661811272957,0
2023-11-08,156700,158700,155800,157500,592520,0.012210796915167,1
2023-11-09,157800,159500,156000,158000,701722,0.0031746031746031,1
2023-11-10,157000,159100,156600,157200,546992,-0.0050632911392405,0
2023-11-13,157700,158400,155800,156800,620970,-0.0025445292620864,0
2023-11-14,157900,159500,157300,159100,350954,0.0146683673469387,1
2023-11-15,161200,165000,160300,165000,637929,0.03708359522313,1
2023-11-16,166000,168200,165100,168200,516886,0.0193939393939392,1
2023-11-17,168800,169300,167100,168400,402600,0.0011890606420927,1
2023-11-20,167900,170500,167500,169900,368107,0.0089073634204275,1
2023-11-21,169900,172200,169500,172200,354688,0.0135373749264273,1
2023-11-22,171900,172800,170000,172300,374864,0.0005807200929153,1
2023-11-23,171500,173000,171100,172900,311317,0.0034822983168891,1
2023-11-24,173100,173200,167000,168000,514846,-0.0283400809716599,0
2023-11-27,166700,167800,161600,162800,457392,-0.0309523809523809,0
2023-11-28,162800,165500,162800,165000,301166,0.0135135135135135,1
2023-11-29,164000,164900,161600,161700,296616,-0.02,0
2023-11-30,161000,163000,160600,162900,370771,0.007421150278293,1
2023-12-01,164000,164300,161900,163100,239925,0.0012277470841006,1
2023-12-04,163900,164800,161600,162600,228258,-0.003065603923973,0
2023-12-05,161700,163500,161700,162600,251068,0.0,
2023-12-06,163000,163300,160100,160100,277472,-0.0153751537515375,0
2023-12-07,159700,159800,157500,157600,334778,-0.0156152404747033,0
2023-12-08,158700,167900,158500,167700,715247,0.0640862944162437,1
2023-12-11,169400,177900,168700,177700,1198607,0.0596302921884317,1
2023-12-12,178600,184900,177300,183400,1329166,0.032076533483399,1
2023-12-13,181600,183600,176200,179700,869873,-0.020174482006543,0
2023-12-14,182700,184300,177700,183500,2449173,0.0211463550361714,1
2023-12-15,183800,184000,170100,170100,1592029,-0.0730245231607629,0
2023-12-18,176000,178800,174100,177200,659264,0.0417401528512639,1
2023-12-19,177000,181400,177000,180700,426670,0.0197516930022574,1
2023-12-20,183200,189300,181100,186300,864375,0.0309905921416713,1
2023-12-21,185100,189400,184800,187700,565199,0.0075147611379495,1
2023-12-22,189300,191300,184800,185500,694441,-0.0117208311134789,0
2023-12-26,187300,189800,187300,188800,610597,0.0177897574123988,1
2023-12-27,188800,190500,186200,189800,504547,0.0052966101694915,1
2023-12-28,190100,202500,189200,201500,1168768,0.0616438356164383,1
2024-01-02,203500,241000,203500,231500,5985174,0.1488833746898263,1
2024-01-03,228500,233000,224000,231500,1896462,0.0,
2024-01-04,228500,229000,214500,218000,1593074,-0.0583153347732181,0
2024-01-05,215000,220500,213000,214500,970137,-0.0160550458715595,0
2024-01-08,213000,216000,204500,206000,901789,-0.0396270396270396,0
2024-01-09,211000,214000,204000,206000,617985,0.0,
2024-01-10,206000,210000,205000,206000,409471,0.0,
2024-01-11,207000,209000,197700,205000,1325154,-0.0048543689320388,0
2024-01-12,198200,205500,194600,196900,1729666,-0.0395121951219512,0
2024-01-15,196500,199000,186300,188100,1423409,-0.0446927374301675,0
2024-01-16,192400,194300,186000,187500,1163432,-0.0031897926634768,0
2024-01-17,186600,186700,177100,178000,1280203,-0.0506666666666666,0
2024-01-18,178000,179500,173700,174700,807755,-0.0185393258426965,0
2024-01-19,175900,180900,174900,176000,801175,0.0074413279908414,1
2024-01-22,178000,186300,177800,183600,1060728,0.0431818181818182,1
2024-01-23,186100,188500,180800,181600,651716,-0.0108932461873638,0
2024-01-24,182900,183100,180500,180700,296318,-0.0049559471365638,0
2024-01-25,180400,183900,179000,182000,468508,0.0071942446043165,1
2024-01-26,180800,184200,179200,182200,385387,0.001098901098901,1
2024-01-29,184000,187500,181700,181700,752905,-0.0027442371020856,0
2024-01-30,184100,185100,179600,179600,439604,-0.011557512383049,0
2024-01-31,179600,181100,176100,179700,456299,0.0005567928730512,1
2024-02-01,177700,179800,173700,178700,626055,-0.0055648302726767,0
2024-02-02,178700,184000,178700,184000,543741,0.029658645775042,1
2024-02-05,184000,184400,179500,180900,512448,-0.0168478260869565,0
2024-02-06,181200,186200,181200,183000,573943,0.0116086235489221,1
2024-02-07,184100,185500,178700,179000,749892,-0.0218579234972677,0
2024-02-08,179600,182400,179200,179600,643612,0.0033519553072625,1
2024-02-13,181600,188300,181400,187500,933154,0.0439866369710468,1
2024-02-14,184800,186000,182700,184200,483049,-0.0175999999999999,0
2024-02-15,186100,186100,182600,182600,358883,-0.008686210640608,0
2024-02-16,184400,184500,182000,182200,295225,-0.0021905805038334,0
2024-02-19,182200,183800,181600,182400,294585,0.0010976948408343,1
2024-02-20,182500,183000,179700,179900,440423,-0.0137061403508771,0
2024-02-21,179900,180000,176900,177000,550261,-0.0161200667037243,0
2024-02-22,177600,179600,175400,176500,514715,-0.0028248587570621,0
2024-02-23,177200,184400,176800,180000,824438,0.0198300283286119,1
2024-02-26,182000,183200,180800,181500,484919,0.0083333333333333,1
2024-02-27,182000,191400,181300,190100,1624711,0.0473829201101927,1
2024-02-28,190200,193400,186500,190000,816144,-0.0005260389268806,0
2024-02-29,189600,191300,179700,179700,1353256,-0.0542105263157894,0
